latitude,longitude,brightness,scan,track,acq_date,acq_time,satellite,instrument,confidence,version,bright_t31,frp,daynight,type
11.3367,32.283,305.7,2.2,1.4,2010-01-01,0000,Aqua,MODIS,65,6.2,289,24.5,N,0
7.5393,24.1753,304.9,1,1,2010-01-01,0001,Aqua,MODIS,40,6.2,286,7.3,N,0
7.1243,27.0868,302.1,1.1,1.1,2010-01-01,0001,Aqua,MODIS,47,6.2,290.3,5.8,N,0
7.5124,24.4923,301.4,1,1,2010-01-01,0001,Aqua,MODIS,37,6.2,283.5,6,N,0
6.1618,33.1482,302.4,3.2,1.7,2010-01-01,0001,Aqua,MODIS,4,6.2,287.9,29.4,N,0
7.5916,24.2631,301.8,1,1,2010-01-01,0001,Aqua,MODIS,44,6.2,281.9,6.8,N,0
7.6008,24.1993,303.7,1,1,2010-01-01,0001,Aqua,MODIS,57,6.2,283,7.3,N,0
7.3585,26.3355,319.6,1,1,2010-01-01,0001,Aqua,MODIS,99,6.2,287.9,20.6,N,0
7.6884,24.4781,300.7,1,1,2010-01-01,0001,Aqua,MODIS,33,6.2,283.3,6.5,N,0
7.8944,23.4406,300.3,1.1,1,2010-01-01,0001,Aqua,MODIS,22,6.2,273.3,7.3,N,0
8.0055,24.641,303.8,1,1,2010-01-01,0001,Aqua,MODIS,57,6.2,284.6,6.7,N,0
8.0145,24.6423,300.4,1,1,2010-01-01,0001,Aqua,MODIS,20,6.2,284.2,4.8,N,0
6.7301,33.9621,303.7,3.6,1.8,2010-01-01,0001,Aqua,MODIS,45,6.2,287.1,40.4,N,0
6.7354,33.9304,300.7,3.6,1.8,2010-01-01,0001,Aqua,MODIS,32,6.2,287,26.6,N,0
8.4473,22.7822,308.1,1.2,1.1,2010-01-01,0001,Aqua,MODIS,73,6.2,277.5,13,N,0
8.4488,22.7716,308.8,1.2,1.1,2010-01-01,0001,Aqua,MODIS,75,6.2,275.5,13.9,N,0
8.5938,22.6967,313.6,1.2,1.1,2010-01-01,0001,Aqua,MODIS,80,6.2,279.3,16.8,N,0
8.6006,22.7194,309.5,1.2,1.1,2010-01-01,0001,Aqua,MODIS,51,6.2,279.1,12.6,N,0
8.602,22.7088,341.8,1.2,1.1,2010-01-01,0001,Aqua,MODIS,100,6.2,282.3,60.4,N,0
8.6035,22.6982,332.5,1.2,1.1,2010-01-01,0001,Aqua,MODIS,100,6.2,282,42.1,N,0
8.6102,22.7208,315.1,1.2,1.1,2010-01-01,0001,Aqua,MODIS,68,6.2,280.3,17.8,N,0
8.6117,22.7102,310.9,1.2,1.1,2010-01-01,0001,Aqua,MODIS,39,6.2,279.8,13.7,N,0
8.99,21.7519,301.1,1.4,1.2,2010-01-01,0001,Aqua,MODIS,36,6.2,276.2,10.1,N,0
8.2357,27.008,311.1,1.1,1,2010-01-01,0001,Aqua,MODIS,82,6.2,288.7,13.7,N,0
8.9292,23.1402,308.6,1.1,1.1,2010-01-01,0001,Aqua,MODIS,73,6.2,277.7,12.3,N,0
8.9306,23.1299,313.5,1.1,1.1,2010-01-01,0001,Aqua,MODIS,87,6.2,277.8,17,N,0
9.0653,23.2748,304.7,1.1,1.1,2010-01-01,0001,Aqua,MODIS,61,6.2,280.7,9.5,N,0
9.0481,23.4664,304.1,1.1,1,2010-01-01,0001,Aqua,MODIS,59,6.2,282.4,8.2,N,0
9.2212,22.361,307.7,1.3,1.1,2010-01-01,0001,Aqua,MODIS,72,6.2,281.9,13.6,N,0
8.5475,27.0698,300.3,1.1,1,2010-01-01,0001,Aqua,MODIS,24,6.2,286.2,6.2,N,0
8.5636,27.3208,303.4,1.1,1.1,2010-01-01,0001,Aqua,MODIS,55,6.2,290.8,6.5,N,0
8.3281,30.6391,328.2,1.8,1.3,2010-01-01,0001,Aqua,MODIS,100,6.2,288.4,68.4,N,0
8.3307,30.6226,311.4,1.8,1.3,2010-01-01,0001,Aqua,MODIS,82,6.2,287,29.7,N,0
8.3333,30.647,327.9,1.8,1.3,2010-01-01,0001,Aqua,MODIS,100,6.2,287.3,65,N,0
8.3359,30.6305,334.8,1.8,1.3,2010-01-01,0001,Aqua,MODIS,100,6.2,286.6,88.3,N,0
8.3451,30.6489,308.2,1.8,1.3,2010-01-01,0001,Aqua,MODIS,74,6.2,286.5,23.1,N,0
8.3478,30.6324,303.2,1.8,1.3,2010-01-01,0001,Aqua,MODIS,47,6.2,285.1,16.5,N,0
8.3694,32.9985,300,2.8,1.6,2010-01-01,0001,Aqua,MODIS,0,6.2,289.1,15.9,N,0
8.3877,32.9758,307.8,2.8,1.6,2010-01-01,0001,Aqua,MODIS,73,6.2,289.1,36.8,N,0
8.377,32.9792,303.6,2.8,1.6,2010-01-01,0001,Aqua,MODIS,32,6.2,289.1,23.8,N,0
9.6896,26.5875,302.5,1,1,2010-01-01,0001,Aqua,MODIS,50,6.2,287.8,6.4,N,0
9.0132,31.7105,308.8,2.2,1.4,2010-01-01,0001,Aqua,MODIS,76,6.2,290.6,27.1,N,0
9.026,31.7126,301.4,2.2,1.4,2010-01-01,0001,Aqua,MODIS,28,6.2,290.4,12.3,N,0
7.5929,24.254,302.5,1,1,2010-01-01,0001,Aqua,MODIS,49,6.2,281.5,7.1,N,0
10.2502,24.2075,306.4,1.1,1,2010-01-01,0001,Aqua,MODIS,68,6.2,283.1,10.1,N,0
8.5299,35.2432,303.1,4.2,1.9,2010-01-01,0001,Aqua,MODIS,53,6.2,285.1,58.1,N,0
10.276,24.9294,324.3,1,1,2010-01-01,0001,Aqua,MODIS,100,6.2,286.5,25.2,N,0
10.5848,23.7974,328.7,1.1,1,2010-01-01,0001,Aqua,MODIS,100,6.2,284.1,32.8,N,0
10.5862,23.7874,303.1,1.1,1,2010-01-01,0001,Aqua,MODIS,49,6.2,282.5,7.4,N,0
8.9313,34.382,303.7,3.5,1.8,2010-01-01,0001,Aqua,MODIS,56,6.2,290.4,33.5,N,0
10.5927,23.8086,316.9,1.1,1,2010-01-01,0001,Aqua,MODIS,94,6.2,284.2,18.3,N,0
10.5941,23.7987,304.6,1.1,1,2010-01-01,0001,Aqua,MODIS,40,6.2,283.5,8.2,N,0
10.6007,23.8199,313.7,1.1,1,2010-01-01,0001,Aqua,MODIS,88,6.2,283,15.1,N,0
10.6366,23.8351,302.6,1.1,1,2010-01-01,0001,Aqua,MODIS,50,6.2,282.1,7.6,N,0
10.0917,29.5986,301.7,1.4,1.2,2010-01-01,0001,Aqua,MODIS,44,6.2,291.6,7.6,N,0
9.8213,31.5834,304.5,2.1,1.4,2010-01-01,0001,Aqua,MODIS,33,6.2,289,19.9,N,0
9.8337,31.5855,304.2,2.1,1.4,2010-01-01,0001,Aqua,MODIS,25,6.2,289.7,19.3,N,0
9.8254,31.5725,302.3,2,1.4,2010-01-01,0001,Aqua,MODIS,46,6.2,288.1,16.9,N,0
11.3489,21.8724,304.8,1.4,1.2,2010-01-01,0001,Aqua,MODIS,62,6.2,280,15.2,N,0
8.5253,35.2386,300.5,4.2,1.9,2010-01-01,0001,Aqua,MODIS,30,6.2,285.1,48.1,N,0
11.3507,21.8593,302.5,1.4,1.2,2010-01-01,0001,Aqua,MODIS,49,6.2,278.5,13,N,0
9.9548,31.5806,301.6,2,1.4,2010-01-01,0001,Aqua,MODIS,14,6.2,288.2,14.9,N,0
10.3856,29.86,302.9,1.5,1.2,2010-01-01,0001,Aqua,MODIS,52,6.2,289.8,10.3,N,0
3.9295,26.5986,300.2,1.2,1.1,2010-01-01,0002,Aqua,MODIS,20,6.2,279.5,7.6,N,0
3.7184,28.2249,302.2,1.5,1.2,2010-01-01,0002,Aqua,MODIS,48,6.2,285.5,10.5,N,0
3.7203,28.212,300.6,1.5,1.2,2010-01-01,0002,Aqua,MODIS,30,6.2,285.4,8.9,N,0
3.7164,28.9325,328,1.6,1.3,2010-01-01,0002,Aqua,MODIS,100,6.2,278.9,58.1,N,0
3.7185,28.9179,307.4,1.6,1.3,2010-01-01,0002,Aqua,MODIS,64,6.2,274.3,20.5,N,0
3.716,28.9381,317.4,1.6,1.3,2010-01-01,0002,Aqua,MODIS,95,6.2,278.1,35.7,N,0
3.7182,28.9235,328.2,1.6,1.3,2010-01-01,0002,Aqua,MODIS,100,6.2,276.9,59.7,N,0
3.8716,28.5234,302.6,1.5,1.2,2010-01-01,0002,Aqua,MODIS,50,6.2,283.7,12,N,0
5.4104,22.355,343.8,1.1,1.1,2010-01-01,0002,Aqua,MODIS,100,6.2,282.4,63.7,N,0
5.4119,22.3449,324.7,1.1,1.1,2010-01-01,0002,Aqua,MODIS,100,6.2,277.5,30,N,0
5.343,27.8112,304.7,1.3,1.1,2010-01-01,0002,Aqua,MODIS,61,6.2,285.4,11.8,N,0
5.4094,27.7799,305.6,1.3,1.1,2010-01-01,0002,Aqua,MODIS,24,6.2,277.7,9,N,0
5.4111,27.7683,312.3,1.3,1.1,2010-01-01,0002,Aqua,MODIS,75,6.2,275.2,15.6,N,0
5.4212,27.7698,306.2,1.3,1.1,2010-01-01,0002,Aqua,MODIS,15,6.2,280.1,9.1,N,0
5.4312,27.7714,336,1.3,1.1,2010-01-01,0002,Aqua,MODIS,100,6.2,286.2,51.8,N,0
5.4413,27.773,322.8,1.3,1.1,2010-01-01,0002,Aqua,MODIS,78,6.2,289.4,28.3,N,0
5.4513,27.7745,327.2,1.3,1.1,2010-01-01,0002,Aqua,MODIS,100,6.2,289.6,35.8,N,0
5.453,27.763,324.3,1.3,1.1,2010-01-01,0002,Aqua,MODIS,100,6.2,285.2,31.2,N,0
5.4512,27.7693,328.6,1.3,1.1,2010-01-01,0002,Aqua,MODIS,100,6.2,289,38.8,N,0
5.4612,27.7708,331.4,1.3,1.1,2010-01-01,0002,Aqua,MODIS,100,6.2,283,44.5,N,0
6.2147,23.7896,326.4,1,1,2010-01-01,0002,Aqua,MODIS,100,6.2,280.6,28.1,N,0
6.2237,23.7909,306.3,1,1,2010-01-01,0002,Aqua,MODIS,67,6.2,279.5,10,N,0
5.0286,32.4048,308.5,2.9,1.6,2010-01-01,0002,Aqua,MODIS,55,6.2,288.4,39,N,0
5.0306,32.4106,307.5,2.9,1.6,2010-01-01,0002,Aqua,MODIS,58,6.2,287.1,36.7,N,0
5.0596,32.4152,317.6,2.9,1.6,2010-01-01,0002,Aqua,MODIS,95,6.2,289.8,70.1,N,0
6.0252,26.1992,301.1,1.1,1,2010-01-01,0002,Aqua,MODIS,37,6.2,287.7,6.6,N,0
5.9811,26.7848,313.5,1.1,1.1,2010-01-01,0002,Aqua,MODIS,87,6.2,287.1,15.9,N,0
6.5124,23.5108,321.8,1,1,2010-01-01,0002,Aqua,MODIS,100,6.2,273.1,24.4,N,0
6.5137,23.5014,310.8,1,1,2010-01-01,0002,Aqua,MODIS,81,6.2,272,14.1,N,0
6.5215,23.5121,319,1,1,2010-01-01,0002,Aqua,MODIS,98,6.2,276.7,21.7,N,0
6.1033,26.9738,313.3,1.1,1.1,2010-01-01,0002,Aqua,MODIS,69,6.2,290.2,14.1,N,0
6.1128,26.9752,384.3,1.1,1.1,2010-01-01,0002,Aqua,MODIS,100,6.2,296.4,207.1,N,0
6.1143,26.965,319.6,1.1,1.1,2010-01-01,0002,Aqua,MODIS,81,6.2,290.2,19.8,N,0
6.1223,26.9766,345.7,1.1,1.1,2010-01-01,0002,Aqua,MODIS,100,6.2,295.1,64.6,N,0
6.3109,25.7032,306.3,1,1,2010-01-01,0002,Aqua,MODIS,67,6.2,288.4,9.6,N,0
6.1254,26.9837,359.8,1.1,1.1,2010-01-01,0002,Aqua,MODIS,100,6.2,293.2,101.6,N,0
6.1269,26.9735,370.2,1.1,1.1,2010-01-01,0002,Aqua,MODIS,100,6.2,295.4,138.9,N,0
6.1349,26.9851,370.6,1.1,1.1,2010-01-01,0002,Aqua,MODIS,100,6.2,295.8,141.7,N,0
6.1364,26.9749,376.7,1.1,1.1,2010-01-01,0002,Aqua,MODIS,100,6.2,296.6,168.3,N,0
6.1444,26.9864,309.5,1.1,1.1,2010-01-01,0002,Aqua,MODIS,50,6.2,290.1,11,N,0
6.1459,26.9763,322.1,1.1,1.1,2010-01-01,0002,Aqua,MODIS,100,6.2,289.9,23.8,N,0
6.1729,26.9908,301.9,1.1,1.1,2010-01-01,0002,Aqua,MODIS,45,6.2,289.2,6.2,N,0
6.1888,27.014,311.8,1.1,1.1,2010-01-01,0002,Aqua,MODIS,83,6.2,289,13.6,N,0
6.1904,27.0038,314.2,1.1,1.1,2010-01-01,0002,Aqua,MODIS,89,6.2,289.9,15.6,N,0
6.4828,25.0348,309.5,1,1,2010-01-01,0002,Aqua,MODIS,74,6.2,289.3,9.7,N,0
6.4841,25.0259,313.8,1,1,2010-01-01,0002,Aqua,MODIS,81,6.2,288.4,12.5,N,0
6.2326,27.0158,309.4,1.1,1.1,2010-01-01,0002,Aqua,MODIS,77,6.2,289.3,12,N,0
6.3389,26.3771,301.2,1.1,1,2010-01-01,0002,Aqua,MODIS,32,6.2,280.5,5.7,N,0
6.3403,26.3675,310.9,1.1,1,2010-01-01,0002,Aqua,MODIS,81,6.2,285.4,12.3,N,0
6.3651,26.3908,317.3,1.1,1,2010-01-01,0002,Aqua,MODIS,95,6.2,283.3,17.6,N,0
6.3666,26.3812,338.1,1.1,1,2010-01-01,0002,Aqua,MODIS,100,6.2,286.3,45.3,N,0
6.3758,26.3826,309.1,1.1,1,2010-01-01,0002,Aqua,MODIS,76,6.2,284.1,11.3,N,0
6.6172,24.8137,332.4,1,1,2010-01-01,0002,Aqua,MODIS,100,6.2,292.1,33.5,N,0
6.6185,24.8048,300.9,1,1,2010-01-01,0002,Aqua,MODIS,35,6.2,286.7,5.3,N,0
6.6248,24.824,315.1,1,1,2010-01-01,0002,Aqua,MODIS,91,6.2,292.4,14.3,N,0
6.6261,24.815,324.6,1,1,2010-01-01,0002,Aqua,MODIS,100,6.2,291.6,23.3,N,0
6.6331,24.8318,350.2,1,1,2010-01-01,0002,Aqua,MODIS,100,6.2,293.4,62.3,N,0
6.6344,24.8228,347.5,1,1,2010-01-01,0002,Aqua,MODIS,100,6.2,293.8,56.7,N,0
6.6357,24.8139,336.1,1,1,2010-01-01,0002,Aqua,MODIS,100,6.2,290.7,37.3,N,0
6.6422,24.7692,303,1,1,2010-01-01,0002,Aqua,MODIS,48,6.2,290,5.4,N,0
6.6407,24.842,300.3,1,1,2010-01-01,0002,Aqua,MODIS,10,6.2,289.4,3.7,N,0
6.642,24.8331,351.9,1,1,2010-01-01,0002,Aqua,MODIS,100,6.2,294.5,66.8,N,0
6.6433,24.8241,305,1,1,2010-01-01,0002,Aqua,MODIS,52,6.2,291,6.4,N,0
6.6496,24.8433,319.5,1,1,2010-01-01,0002,Aqua,MODIS,99,6.2,291.4,16.9,N,0
6.6509,24.8344,335.4,1,1,2010-01-01,0002,Aqua,MODIS,100,6.2,293.3,35.8,N,0
6.4659,26.1416,306.1,1,1,2010-01-01,0002,Aqua,MODIS,34,6.2,282.5,7.6,N,0
6.6586,24.8446,329.4,1,1,2010-01-01,0002,Aqua,MODIS,100,6.2,292.7,27.7,N,0
6.6599,24.8356,323.4,1,1,2010-01-01,0002,Aqua,MODIS,100,6.2,292.3,20.7,N,0
6.475,26.1429,351.1,1,1,2010-01-01,0002,Aqua,MODIS,100,6.2,292.7,69.5,N,0
6.6042,25.2752,300.9,1,1,2010-01-01,0002,Aqua,MODIS,35,6.2,288.2,5.6,N,0
6.6675,24.8459,331.7,1,1,2010-01-01,0002,Aqua,MODIS,100,6.2,292.3,31,N,0
6.4842,26.1442,332.5,1,1,2010-01-01,0002,Aqua,MODIS,73,6.2,292.6,34.1,N,0
6.6869,24.7757,309.1,1,1,2010-01-01,0002,Aqua,MODIS,29,6.2,290.3,8.6,N,0
6.3895,26.8399,305.6,1.1,1.1,2010-01-01,0002,Aqua,MODIS,51,6.2,288.6,9,N,0
6.391,26.8299,314.1,1.1,1.1,2010-01-01,0002,Aqua,MODIS,88,6.2,286.1,16,N,0
6.4919,26.155,330.2,1,1,2010-01-01,0002,Aqua,MODIS,74,6.2,281,30.5,N,0
6.4933,26.1456,367.4,1,1,2010-01-01,0002,Aqua,MODIS,100,6.2,294,114.9,N,0
6.6854,24.8485,319.6,1,1,2010-01-01,0002,Aqua,MODIS,99,6.2,290.6,17.4,N,0
6.6959,24.777,311.2,1,1,2010-01-01,0002,Aqua,MODIS,44,6.2,289,10.4,N,0
5.5337,32.4956,331.4,2.9,1.6,2010-01-01,0002,Aqua,MODIS,100,6.2,290.3,143.7,N,0
5.5377,32.4699,335,2.9,1.6,2010-01-01,0002,Aqua,MODIS,100,6.2,288.9,166.9,N,0
6.3989,26.8413,324.4,1.1,1.1,2010-01-01,0002,Aqua,MODIS,77,6.2,290.6,25.3,N,0
6.4004,26.8313,339,1.1,1.1,2010-01-01,0002,Aqua,MODIS,100,6.2,289.4,48.4,N,0
6.501,26.1563,327.5,1,1,2010-01-01,0002,Aqua,MODIS,70,6.2,282.5,27,N,0
6.5024,26.1469,320,1,1,2010-01-01,0002,Aqua,MODIS,22,6.2,291.2,17.8,N,0
6.6943,24.8497,305.6,1,1,2010-01-01,0002,Aqua,MODIS,42,6.2,287.2,7.1,N,0
5.5481,32.4979,310.3,2.9,1.6,2010-01-01,0002,Aqua,MODIS,80,6.2,288.8,44.5,N,0
5.5521,32.4722,319.9,2.9,1.6,2010-01-01,0002,Aqua,MODIS,99,6.2,289.1,82.1,N,0
6.4098,26.8327,319.8,1.1,1.1,2010-01-01,0002,Aqua,MODIS,62,6.2,285.8,19.2,N,0
6.6862,24.9672,300,1,1,2010-01-01,0002,Aqua,MODIS,8,6.2,288.9,4.8,N,0
6.4162,26.8541,319.5,1.1,1.1,2010-01-01,0002,Aqua,MODIS,90,6.2,289.7,19.6,N,0
6.4177,26.8441,308.5,1.1,1.1,2010-01-01,0002,Aqua,MODIS,71,6.2,284.7,9.4,N,0
6.4192,26.8341,309.1,1.1,1.1,2010-01-01,0002,Aqua,MODIS,72,6.2,284.2,10.1,N,0
6.5193,26.1589,326.2,1,1,2010-01-01,0002,Aqua,MODIS,92,6.2,290,25.8,N,0
5.5257,32.4732,300.1,2.9,1.6,2010-01-01,0002,Aqua,MODIS,8,6.2,288.5,15.1,N,0
6.4229,26.8505,328.1,1.1,1.1,2010-01-01,0002,Aqua,MODIS,86,6.2,288.4,28.3,N,0
5.536,32.5011,324.9,2.9,1.6,2010-01-01,0002,Aqua,MODIS,100,6.2,289.7,104.9,N,0
5.5402,32.4755,348.1,2.9,1.6,2010-01-01,0002,Aqua,MODIS,100,6.2,289.9,271,N,0
6.4323,26.8519,337.2,1.1,1.1,2010-01-01,0002,Aqua,MODIS,99,6.2,289,42,N,0
5.5546,32.4777,314,2.9,1.6,2010-01-01,0002,Aqua,MODIS,88,6.2,288.9,57.6,N,0
6.4417,26.8533,321.5,1.1,1.1,2010-01-01,0002,Aqua,MODIS,71,6.2,287.3,19.4,N,0
6.6669,25.3544,308,1,1,2010-01-01,0002,Aqua,MODIS,73,6.2,289.1,9.4,N,0
6.3924,27.2415,301.7,1.2,1.1,2010-01-01,0002,Aqua,MODIS,43,6.2,288.5,6.3,N,0
6.4496,26.8647,331.7,1.1,1.1,2010-01-01,0002,Aqua,MODIS,95,6.2,291.9,33.9,N,0
6.4511,26.8547,345.8,1.1,1.1,2010-01-01,0002,Aqua,MODIS,100,6.2,288,60.5,N,0
6.6758,25.3557,303.7,1,1,2010-01-01,0002,Aqua,MODIS,57,6.2,288.8,6.6,N,0
6.7722,24.7025,333.2,1,1,2010-01-01,0002,Aqua,MODIS,100,6.2,288.9,33.6,N,0
6.459,26.8661,350.5,1.1,1.1,2010-01-01,0002,Aqua,MODIS,100,6.2,294.8,72,N,0
6.4605,26.8561,378,1.1,1.1,2010-01-01,0002,Aqua,MODIS,100,6.2,294.3,168.2,N,0
6.7824,24.6948,312.7,1,1,2010-01-01,0002,Aqua,MODIS,47,6.2,290.1,11.5,N,0
6.4684,26.8674,332.9,1.1,1.1,2010-01-01,0002,Aqua,MODIS,100,6.2,292.7,36.4,N,0
6.4699,26.8575,336.3,1.1,1.1,2010-01-01,0002,Aqua,MODIS,100,6.2,288.4,42,N,0
6.7914,24.6961,315.9,1,1,2010-01-01,0002,Aqua,MODIS,34,6.2,290.5,13,N,0
6.7953,24.6693,303.8,1,1,2010-01-01,0002,Aqua,MODIS,57,6.2,286,7,N,0
6.4779,26.8688,332,1.1,1.1,2010-01-01,0002,Aqua,MODIS,100,6.2,292.7,35.5,N,0
6.4794,26.8588,328.5,1.1,1.1,2010-01-01,0002,Aqua,MODIS,100,6.2,289.1,30,N,0
6.795,24.7332,316.9,1,1,2010-01-01,0002,Aqua,MODIS,78,6.2,288.5,15.1,N,0
6.8003,24.6974,310.3,1,1,2010-01-01,0002,Aqua,MODIS,11,6.2,289.3,8.9,N,0
6.4385,27.1954,316.7,1.2,1.1,2010-01-01,0002,Aqua,MODIS,82,6.2,288.5,18.5,N,0
6.4466,27.2073,306.8,1.2,1.1,2010-01-01,0002,Aqua,MODIS,45,6.2,287.2,9.5,N,0
6.4481,27.1969,368.2,1.2,1.1,2010-01-01,0002,Aqua,MODIS,100,6.2,294,137.6,N,0
6.4497,27.1865,310.2,1.2,1.1,2010-01-01,0002,Aqua,MODIS,33,6.2,289,11.6,N,0
6.4967,26.8716,313.1,1.1,1.1,2010-01-01,0002,Aqua,MODIS,86,6.2,287.8,13.4,N,0
6.4982,26.8616,318.8,1.1,1.1,2010-01-01,0002,Aqua,MODIS,97,6.2,289.1,19,N,0
6.5973,26.1953,313.6,1.1,1,2010-01-01,0002,Aqua,MODIS,71,6.2,290.2,14.5,N,0
6.7127,25.4162,302.8,1,1,2010-01-01,0002,Aqua,MODIS,51,6.2,290.4,5.9,N,0
6.8129,24.7358,312.6,1,1,2010-01-01,0002,Aqua,MODIS,42,6.2,290.4,11.4,N,0
6.4577,27.1982,337,1.2,1.1,2010-01-01,0002,Aqua,MODIS,100,6.2,291.9,48.2,N,0
6.5076,26.8631,303.5,1.1,1.1,2010-01-01,0002,Aqua,MODIS,48,6.2,288.7,6.4,N,0
6.605,26.206,306.2,1.1,1,2010-01-01,0002,Aqua,MODIS,17,6.2,289.5,8.6,N,0
6.7216,25.4175,321.2,1,1,2010-01-01,0002,Aqua,MODIS,100,6.2,290.5,19.9,N,0
6.8205,24.746,320.8,1,1,2010-01-01,0002,Aqua,MODIS,100,6.2,291.1,19.3,N,0
6.4617000000000004,27.195,317.4,1.2,1.1,2010-01-01,0002,Aqua,MODIS,21,6.2,290.4,17.2,N,0
6.6086,26.2325,314.7,1.1,1,2010-01-01,0002,Aqua,MODIS,28,6.2,289.8,14.1,N,0
6.8288,24.7538,320.1,1,1,2010-01-01,0002,Aqua,MODIS,93,6.2,289.8,17.8,N,0
6.6177,26.2338,322.4,1.1,1,2010-01-01,0002,Aqua,MODIS,76,6.2,290,21.4,N,0
6.6248,26.1869,300.1,1,1,2010-01-01,0002,Aqua,MODIS,5,6.2,288,4.1,N,0
6.8377,24.7551,305.2,1,1,2010-01-01,0002,Aqua,MODIS,7,6.2,288.8,6.9,N,0
6.359,27.9911,301.6,1.3,1.1,2010-01-01,0002,Aqua,MODIS,29,6.2,290.1,6.2,N,0
6.6255,26.2446,311.6,1.1,1,2010-01-01,0002,Aqua,MODIS,15,6.2,287.1,11.1,N,0
6.6325,26.1976,320.2,1.1,1,2010-01-01,0002,Aqua,MODIS,100,6.2,288.8,19.5,N,0
6.369,27.9926,308.4,1.3,1.1,2010-01-01,0002,Aqua,MODIS,74,6.2,290.4,12.6,N,0
6.4873,27.22,313.3,1.2,1.1,2010-01-01,0002,Aqua,MODIS,82,6.2,288.1,15,N,0
6.4889,27.2096,307.7,1.2,1.1,2010-01-01,0002,Aqua,MODIS,36,6.2,288.5,9.4,N,0
6.6346,26.246,308.3,1.1,1,2010-01-01,0002,Aqua,MODIS,27,6.2,286.3,9.1,N,0
6.6409,26.2662,329.8,1.1,1,2010-01-01,0002,Aqua,MODIS,100,6.2,291.2,30.7,N,0
6.6424,26.2567,345.5,1.1,1,2010-01-01,0002,Aqua,MODIS,100,6.2,292.4,57,N,0
6.6438,26.2474,323.5,1.1,1,2010-01-01,0002,Aqua,MODIS,97,6.2,286.4,22.3,N,0
6.6508,26.2003,300.1,1.1,1,2010-01-01,0002,Aqua,MODIS,15,6.2,287,4.9,N,0
6.6501,26.2675,323.5,1.1,1,2010-01-01,0002,Aqua,MODIS,93,6.2,289,22.2,N,0
6.6515,26.2581,331,1.1,1,2010-01-01,0002,Aqua,MODIS,100,6.2,289,31.8,N,0
6.8722,24.7692,301.7,1,1,2010-01-01,0002,Aqua,MODIS,44,6.2,287.1,6.4,N,0
6.5635,26.9088,301.5,1.1,1.1,2010-01-01,0002,Aqua,MODIS,42,6.2,288.5,6.5,N,0
6.6593,26.2689,311.1,1.1,1,2010-01-01,0002,Aqua,MODIS,76,6.2,286.2,11,N,0
6.4127,27.976,301.6,1.3,1.1,2010-01-01,0002,Aqua,MODIS,38,6.2,284.9,8,N,0
6.4144,27.9646,331,1.3,1.1,2010-01-01,0002,Aqua,MODIS,100,6.2,285.5,45.4,N,0
6.5321,27.248,302.2,1.2,1.1,2010-01-01,0002,Aqua,MODIS,17,6.2,288.5,6.1,N,0
6.5336,27.2375,312,1.2,1.1,2010-01-01,0002,Aqua,MODIS,84,6.2,289,13.9,N,0
6.7774,25.5983,328.5,1,1,2010-01-01,0002,Aqua,MODIS,100,6.2,290,29.9,N,0
6.7787,25.5893,303.6,1,1,2010-01-01,0002,Aqua,MODIS,56,6.2,288.3,7.6,N,0
6.5401,27.2598,308.7,1.2,1.1,2010-01-01,0002,Aqua,MODIS,75,6.2,289.2,11.6,N,0
6.5417,27.2493,327.7,1.2,1.1,2010-01-01,0002,Aqua,MODIS,100,6.2,292.3,33.2,N,0
6.5432,27.2389,327.4,1.2,1.1,2010-01-01,0002,Aqua,MODIS,100,6.2,290.8,31.8,N,0
6.6854,26.2823,305,1.1,1,2010-01-01,0002,Aqua,MODIS,26,6.2,287.4,7.5,N,0
6.5451,27.2555,314.3,1.2,1.1,2010-01-01,0002,Aqua,MODIS,24,6.2,290.5,14.3,N,0
6.5467,27.2451,355.9,1.2,1.1,2010-01-01,0002,Aqua,MODIS,100,6.2,294,92.7,N,0
6.5257,27.4458,300.3,1.2,1.1,2010-01-01,0002,Aqua,MODIS,23,6.2,289,6.1,N,0
6.5563,27.2465,323.1,1.2,1.1,2010-01-01,0002,Aqua,MODIS,91,6.2,291.2,24.7,N,0
6.5659,27.248,315.5,1.2,1.1,2010-01-01,0002,Aqua,MODIS,73,6.2,288.9,16.5,N,0
6.7692,25.9669,307.6,1,1,2010-01-01,0002,Aqua,MODIS,35,6.2,289.8,8.4,N,0
6.8245,25.6574,344.1,1,1,2010-01-01,0002,Aqua,MODIS,100,6.2,291.7,53.6,N,0
6.8259,25.6483,312.6,1,1,2010-01-01,0002,Aqua,MODIS,85,6.2,286.9,13.2,N,0
6.8335,25.6587,314.3,1,1,2010-01-01,0002,Aqua,MODIS,89,6.2,290.2,14.4,N,0
6.8502,25.6704,310.6,1,1,2010-01-01,0002,Aqua,MODIS,47,6.2,286.2,11,N,0
6.7406,26.4711,308.4,1.1,1,2010-01-01,0002,Aqua,MODIS,57,6.2,288.3,9.4,N,0
6.742,26.4615,305.1,1.1,1,2010-01-01,0002,Aqua,MODIS,21,6.2,289.5,7.1,N,0
6.7513,26.4629,309.8,1.1,1,2010-01-01,0002,Aqua,MODIS,42,6.2,289.8,10,N,0
6.7452,26.5471,305.6,1.1,1,2010-01-01,0002,Aqua,MODIS,65,6.2,288.9,8.2,N,0
6.6109,27.4873,311.2,1.2,1.1,2010-01-01,0002,Aqua,MODIS,82,6.2,288.5,15.7,N,0
6.7753,26.4732,304.3,1.1,1,2010-01-01,0002,Aqua,MODIS,25,6.2,290.2,6.3,N,0
6.8947,25.7393,308,1,1,2010-01-01,0002,Aqua,MODIS,29,6.2,286.7,9.1,N,0
6.8961,25.7302,397.5,1,1,2010-01-01,0002,Aqua,MODIS,100,6.2,299.2,245.5,N,0
6.8974,25.7211,343.4,1,1,2010-01-01,0002,Aqua,MODIS,100,6.2,292.2,49.9,N,0
6.8988,25.712,322.9,1,1,2010-01-01,0002,Aqua,MODIS,100,6.2,288.7,21,N,0
7.0329,24.8049,313.5,1,1,2010-01-01,0002,Aqua,MODIS,87,6.2,289.2,13.2,N,0
6.6365,27.7801,300.3,1.2,1.1,2010-01-01,0002,Aqua,MODIS,25,6.2,289.8,5.4,N,0
6.6382,27.769,300.4,1.2,1.1,2010-01-01,0002,Aqua,MODIS,27,6.2,290,5.2,N,0
6.7829,26.8017,316.9,1.1,1,2010-01-01,0002,Aqua,MODIS,94,6.2,287.1,18.6,N,0
6.8589,26.2915,300.7,1.1,1,2010-01-01,0002,Aqua,MODIS,32,6.2,289.1,5.5,N,0
7.1461,24.3444,328.4,1,1,2010-01-01,0002,Aqua,MODIS,100,6.2,291,28.5,N,0
7.1474,24.3354,319.7,1,1,2010-01-01,0002,Aqua,MODIS,99,6.2,288.7,19.1,N,0
6.7923,26.8031,311.3,1.1,1,2010-01-01,0002,Aqua,MODIS,82,6.2,285.5,13.1,N,0
6.8694,26.2835,301,1.1,1,2010-01-01,0002,Aqua,MODIS,33,6.2,287.2,5.3,N,0
7.1551,24.3457,308.1,1,1,2010-01-01,0002,Aqua,MODIS,74,6.2,290.2,10.2,N,0
6.8088,26.8011,310.8,1.1,1,2010-01-01,0002,Aqua,MODIS,81,6.2,288.6,12,N,0
7.2616,23.8062,302,1,1,2010-01-01,0002,Aqua,MODIS,46,6.2,281.7,7,N,0
7.1949,24.394,303.9,1,1,2010-01-01,0002,Aqua,MODIS,57,6.2,287.5,6.9,N,0
7.1784,24.6945,325.9,1,1,2010-01-01,0002,Aqua,MODIS,100,6.2,288.6,25.1,N,0
7.1873,24.6958,302.3,1,1,2010-01-01,0002,Aqua,MODIS,48,6.2,286.6,6.1,N,0
6.9148,26.6441,310.7,1.1,1,2010-01-01,0002,Aqua,MODIS,81,6.2,288.8,12.1,N,0
6.9163,26.6344,310,1.1,1,2010-01-01,0002,Aqua,MODIS,79,6.2,288.8,11.4,N,0
7.2685,24.3282,300.4,1,1,2010-01-01,0002,Aqua,MODIS,27,6.2,284.7,5.7,N,0
6.9427,26.6482,310,1.1,1,2010-01-01,0002,Aqua,MODIS,47,6.2,289.7,10.2,N,0
7.2901,24.3683,305.5,1,1,2010-01-01,0002,Aqua,MODIS,65,6.2,285.8,8.4,N,0
6.7935,27.7598,300.4,1.2,1.1,2010-01-01,0002,Aqua,MODIS,27,6.2,289.7,5.8,N,0
7.0324,26.3008,308.1,1.1,1,2010-01-01,0002,Aqua,MODIS,74,6.2,290.3,9.7,N,0
6.989,26.6551,307.2,1.1,1,2010-01-01,0002,Aqua,MODIS,28,6.2,288,8.7,N,0
6.9905,26.6454,306.6,1.1,1,2010-01-01,0002,Aqua,MODIS,26,6.2,288.2,8,N,0
7.3878,24.3973,301.2,1,1,2010-01-01,0002,Aqua,MODIS,38,6.2,283.7,6.2,N,0
7.3968,24.3986,300.3,1,1,2010-01-01,0002,Aqua,MODIS,24,6.2,284.4,5.6,N,0
7.4522,24.0814,310.1,1,1,2010-01-01,0002,Aqua,MODIS,61,6.2,286.7,10.8,N,0
7.4536,24.0722,343.9,1,1,2010-01-01,0002,Aqua,MODIS,100,6.2,288.1,53.5,N,0
7.4613,24.0827,322.4,1,1,2010-01-01,0002,Aqua,MODIS,100,6.2,288,21.7,N,0
7.4626,24.0735,322.9,1,1,2010-01-01,0002,Aqua,MODIS,100,6.2,285.9,22.4,N,0
7.0413,26.9902,312.6,1.1,1.1,2010-01-01,0002,Aqua,MODIS,85,6.2,291.1,13.9,N,0
7.0428,26.9802,327.1,1.1,1.1,2010-01-01,0002,Aqua,MODIS,100,6.2,291.5,30.4,N,0
7.4703,24.084,304.5,1,1,2010-01-01,0002,Aqua,MODIS,60,6.2,285.7,7.6,N,0
7.4717,24.0748,302.6,1,1,2010-01-01,0002,Aqua,MODIS,50,6.2,283.2,6.6,N,0
7.0468,26.9875,332.6,1.1,1.1,2010-01-01,0002,Aqua,MODIS,100,6.2,292.1,37.9,N,0
7.0577,26.9789,316.5,1.1,1.1,2010-01-01,0002,Aqua,MODIS,93,6.2,291.9,17.5,N,0
7.0487,27.1008,305.7,1.1,1.1,2010-01-01,0002,Aqua,MODIS,65,6.2,291.9,7.5,N,0
7.0503,27.0907,307.8,1.1,1.1,2010-01-01,0002,Aqua,MODIS,72,6.2,291.1,9.2,N,0
7.0671,26.9803,304,1.1,1.1,2010-01-01,0002,Aqua,MODIS,58,6.2,290.6,6.9,N,0
7.0582,27.1022,344.3,1.1,1.1,2010-01-01,0002,Aqua,MODIS,100,6.2,295,59.5,N,0
7.0597,27.0921,324.7,1.1,1.1,2010-01-01,0002,Aqua,MODIS,100,6.2,291.9,25.4,N,0
7.0677,27.1036,328.6,1.1,1.1,2010-01-01,0002,Aqua,MODIS,100,6.2,293,31,N,0
7.0692,27.0935,319.7,1.1,1.1,2010-01-01,0002,Aqua,MODIS,97,6.2,292.1,19.5,N,0
7.0787,27.0949,304.1,1.1,1.1,2010-01-01,0002,Aqua,MODIS,58,6.2,291.5,6.8,N,0
7.2645,25.8556,315.8,1,1,2010-01-01,0002,Aqua,MODIS,92,6.2,288.2,15.3,N,0
7.5135,24.1622,301,1,1,2010-01-01,0002,Aqua,MODIS,28,6.2,284,5.4,N,0
7.5148,24.1531,305.2,1,1,2010-01-01,0002,Aqua,MODIS,43,6.2,284.3,7.6,N,0
7.0744,27.1876,305.8,1.1,1.1,2010-01-01,0002,Aqua,MODIS,66,6.2,291.2,8.6,N,0
7.0393,27.0994,314.7,1.1,1.1,2010-01-01,0002,Aqua,MODIS,90,6.2,292,14.8,N,0
6.1632,33.1432,302.3,3.2,1.7,2010-01-01,0002,Aqua,MODIS,15,6.2,288.5,27.5,N,0
7.5302,24.174,324.8,1,1,2010-01-01,0002,Aqua,MODIS,100,6.2,286.7,23.2,N,0
7.0562,26.9889,303.3,1.1,1.1,2010-01-01,0002,Aqua,MODIS,54,6.2,290.2,6.3,N,0
7.5316,24.1648,317.5,1,1,2010-01-01,0002,Aqua,MODIS,73,6.2,285.3,15.6,N,0
7.2735,25.857,308.9,1,1,2010-01-01,0002,Aqua,MODIS,76,6.2,287.1,10.7,N,0
7.5225,24.1635,319.5,1,1,2010-01-01,0002,Aqua,MODIS,99,6.2,286.1,18.2,N,0
6.4888,26.8602,323.9,1.1,1.1,2010-01-01,0002,Aqua,MODIS,100,6.2,290.8,24.2,N,0
6.804,24.7345,335,1,1,2010-01-01,0002,Aqua,MODIS,100,6.2,291.7,35.2,N,0
7.0483,26.9775,326.5,1.1,1.1,2010-01-01,0002,Aqua,MODIS,100,6.2,291.6,29,N,0
6.4873,26.8702,325.1,1.1,1.1,2010-01-01,0002,Aqua,MODIS,100,6.2,290.4,25.9,N,0
4.3255,21.7457,300.8,1.2,1.1,2010-01-01,0002,Aqua,MODIS,29,6.2,283.8,9.1,N,0
6.4401,27.1851,310.6,1.2,1.1,2010-01-01,0002,Aqua,MODIS,40,6.2,287.6,12.4,N,0
7.0342,24.796,308.5,1,1,2010-01-01,0002,Aqua,MODIS,75,6.2,287.2,9.4,N,0
6.7909,26.4951,324.3,1.1,1,2010-01-01,0002,Aqua,MODIS,100,6.2,289.6,24.5,N,0
6.9051,25.7315,333.9,1,1,2010-01-01,0002,Aqua,MODIS,83,6.2,291.6,33.2,N,0
6.9064,25.7224,326.6,1,1,2010-01-01,0002,Aqua,MODIS,59,6.2,292.6,22.7,N,0
6.9078,25.7133,317.5,1,1,2010-01-01,0002,Aqua,MODIS,55,6.2,291.2,14.1,N,0
6.8001,26.4964,312.6,1.1,1,2010-01-01,0002,Aqua,MODIS,85,6.2,290,13,N,0
6.9155,25.7237,322.1,1,1,2010-01-01,0002,Aqua,MODIS,30,6.2,291.8,16.6,N,0
7.0624,24.7909,302.5,1,1,2010-01-01,0002,Aqua,MODIS,38,6.2,289.1,5.4,N,0
6.6266,27.7787,314,1.2,1.1,2010-01-01,0002,Aqua,MODIS,88,6.2,289.8,17.4,N,0
6.6283,27.7676,324.7,1.2,1.1,2010-01-01,0002,Aqua,MODIS,100,6.2,291.1,30.8,N,0
7.1371,24.3431,320.4,1,1,2010-01-01,0002,Aqua,MODIS,100,6.2,286.8,19.6,N,0
7.1384,24.3341,323.7,1,1,2010-01-01,0002,Aqua,MODIS,100,6.2,286,23.2,N,0
4.2298,19.8825,305.1,1.6,1.2,2010-01-01,0003,Aqua,MODIS,63,6.2,288.9,14.1,N,0
-34.1507,19.1371,321,1.3,1.1,2010-01-01,0013,Aqua,MODIS,100,6.2,279.2,31,N,0
-34.1492,19.1242,327.2,1.2,1.1,2010-01-01,0013,Aqua,MODIS,100,6.2,275.7,40.1,N,0
-18.0096,125.738,325.3,3.7,1.8,2010-01-01,0117,Terra,MODIS,55,6.2,297.7,63.3,D,0
-20.1432,139.9048,351,1.6,1.2,2010-01-01,0117,Terra,MODIS,95,6.2,297.2,107.9,D,0
-20.1413,139.8895,351.2,1.6,1.2,2010-01-01,0117,Terra,MODIS,96,6.2,295.4,108.1,D,0
-20.0974,139.9961,318.7,1.6,1.3,2010-01-01,0117,Terra,MODIS,34,6.2,296.3,15.3,D,0
-19.8168,140.1301,317.5,1.7,1.3,2010-01-01,0117,Terra,MODIS,19,6.2,295.7,16,D,0
-19.8149,140.1143,317.5,1.6,1.3,2010-01-01,0117,Terra,MODIS,19,6.2,295.8,15.2,D,0
-26.7886,140.894,319.1,2.3,1.5,2010-01-01,0119,Terra,MODIS,26,6.2,295.5,35.9,D,0
-26.7588,141.3981,319,2.5,1.5,2010-01-01,0119,Terra,MODIS,28,6.2,296.3,42.5,D,0
-26.1202,142.129,315.9,2.8,1.6,2010-01-01,0119,Terra,MODIS,24,6.2,294.3,35.3,D,0
-26.7565,141.3727,322.2,2.5,1.5,2010-01-01,0119,Terra,MODIS,55,6.2,297.9,50.3,D,0
-26.3759,142.8785,314.1,3.2,1.7,2010-01-01,0119,Terra,MODIS,0,6.2,292.5,47.3,D,0
-26.3795,142.8851,313.8,3.2,1.7,2010-01-01,0119,Terra,MODIS,0,6.2,292.4,42,D,0
-26.2812,141.9392,315.7,2.7,1.6,2010-01-01,0119,Terra,MODIS,10,6.2,294.1,36.9,D,0
-26.3842,141.9218,317.1,2.7,1.6,2010-01-01,0119,Terra,MODIS,34,6.2,295.5,39,D,0
36.8806,6.9487,306.4,1,1,2010-01-01,0132,Aqua,MODIS,68,6.2,281.6,10.6,N,2
31.6608,6.0559,302.8,1,1,2010-01-01,0134,Aqua,MODIS,52,6.2,281.7,9,N,2
31.6959,5.8165,323.5,1,1,2010-01-01,0134,Aqua,MODIS,100,6.2,283.4,25.7,N,2
31.6974,5.8061,310.4,1,1,2010-01-01,0134,Aqua,MODIS,80,6.2,280,14,N,2
31.6682,6.0681,320.3,1,1,2010-01-01,0134,Aqua,MODIS,100,6.2,284.5,21.3,N,2
31.6697,6.0577,334,1,1,2010-01-01,0134,Aqua,MODIS,100,6.2,284.8,37.5,N,2
31.7013,5.9676,301.9,1,1,2010-01-01,0134,Aqua,MODIS,45,6.2,280.2,8.6,N,2
29.7039,6.718,311,1,1,2010-01-01,0134,Aqua,MODIS,82,6.2,287,13.9,N,2
29.7548,6.7501,312.2,1,1,2010-01-01,0134,Aqua,MODIS,84,6.2,285,15.2,N,2
29.7564,6.7396,314.7,1,1,2010-01-01,0134,Aqua,MODIS,90,6.2,284.6,17.2,N,2
28.9153,9.7398,301.6,1.4,1.2,2010-01-01,0134,Aqua,MODIS,42,6.2,278.4,14.2,N,2
28.9127,9.7542,329.3,1.4,1.2,2010-01-01,0134,Aqua,MODIS,100,6.2,279.6,55.1,N,2
10.6947,0.5834,302,1,1,2010-01-01,0139,Aqua,MODIS,46,6.2,289.7,5.3,N,0
11.8808,-0.2301,301.2,1.1,1,2010-01-01,0139,Aqua,MODIS,39,6.2,290.9,5.7,N,0
12.4645,-3.7294,306.4,1.7,1.3,2010-01-01,0139,Aqua,MODIS,68,6.2,287.1,18.9,N,0
11.9567,2.5128,302.5,1,1,2010-01-01,0139,Aqua,MODIS,21,6.2,289.4,5.7,N,0
11.8786,3.1432,302.1,1.1,1,2010-01-01,0139,Aqua,MODIS,47,6.2,289.6,6.6,N,0
11.9801,2.6035,300.3,1,1,2010-01-01,0139,Aqua,MODIS,23,6.2,286.5,5.7,N,0
12.4666,-3.7452,301.4,1.7,1.3,2010-01-01,0139,Aqua,MODIS,22,6.2,287.1,12.4,N,0
11.9487,2.5058,303.3,1,1,2010-01-01,0139,Aqua,MODIS,54,6.2,289.9,6.6,N,0
12.464,-3.7398,308.1,1.7,1.3,2010-01-01,0139,Aqua,MODIS,74,6.2,287.1,22.8,N,0
11.8986,0.5416,302,1,1,2010-01-01,0139,Aqua,MODIS,46,6.2,290.3,5.8,N,0
9.8501,5.4615,334,1.6,1.2,2010-01-01,0140,Aqua,MODIS,100,6.2,293.4,70,N,0
8.7993,-4.0618,303.1,1.6,1.3,2010-01-01,0140,Aqua,MODIS,53,6.2,291.7,10.4,N,0
8.5393,-2.0328,304.2,1.2,1.1,2010-01-01,0140,Aqua,MODIS,59,6.2,293,7.6,N,0
9.4132,-8.3274,301.3,3.6,1.8,2010-01-01,0140,Aqua,MODIS,27,6.2,287.7,33.9,N,0
9.408,-8.3229,304.8,3.6,1.8,2010-01-01,0140,Aqua,MODIS,62,6.2,288,51,N,0
8.6588,-2.1524,304.3,1.2,1.1,2010-01-01,0140,Aqua,MODIS,59,6.2,293.1,7.7,N,0
8.6604,-2.1633,321.7,1.2,1.1,2010-01-01,0140,Aqua,MODIS,100,6.2,293.2,25.8,N,0
9.3823,-2.8012,310.5,1.3,1.1,2010-01-01,0140,Aqua,MODIS,80,6.2,290.8,16.9,N,0
9.6847,-4.3355,318.3,1.7,1.3,2010-01-01,0140,Aqua,MODIS,97,6.2,290.9,39.7,N,0
9.9955,-4.0956,307.5,1.7,1.3,2010-01-01,0140,Aqua,MODIS,71,6.2,289.6,18.7,N,0
9.7228,0.1072,300.9,1,1,2010-01-01,0140,Aqua,MODIS,34,6.2,288.5,4.9,N,0
9.7242,0.0981,300.4,1,1,2010-01-01,0140,Aqua,MODIS,27,6.2,288.9,4.6,N,0
9.802,0.9584,360.7,1,1,2010-01-01,0140,Aqua,MODIS,100,6.2,294.7,88,N,0
9.8033,0.9494,327.4,1,1,2010-01-01,0140,Aqua,MODIS,100,6.2,291.9,25.5,N,0
9.8109,0.9598,301.9,1,1,2010-01-01,0140,Aqua,MODIS,45,6.2,291.3,4.5,N,0
9.9789,-0.1947,303.6,1,1,2010-01-01,0140,Aqua,MODIS,56,6.2,286.8,7.3,N,0
4.8931,6.3773,304.8,2.3,1.5,2010-01-01,0141,Aqua,MODIS,62,6.2,291.4,20.1,N,2
4.8906,6.382,305.6,2.3,1.5,2010-01-01,0141,Aqua,MODIS,65,6.2,290.9,20.5,N,2
5.4357,5.1518,310.1,1.8,1.3,2010-01-01,0141,Aqua,MODIS,52,6.2,288.3,21.4,N,3
5.5375,5.0908,305.9,1.8,1.3,2010-01-01,0141,Aqua,MODIS,39,6.2,295.7,8.8,N,3
5.5632,5.0786,314,1.8,1.3,2010-01-01,0141,Aqua,MODIS,84,6.2,296,20.2,N,3
4.5352,6.8307,306.9,2.5,1.5,2010-01-01,0141,Aqua,MODIS,70,6.2,292.7,26.1,N,2
4.6646,6.0769,307.4,2.2,1.4,2010-01-01,0141,Aqua,MODIS,66,6.2,289.5,29.9,N,2
5.8857,4.8379,307,1.7,1.3,2010-01-01,0141,Aqua,MODIS,51,6.2,296.6,9.6,N,3
4.3146,7.672,306.3,3,1.6,2010-01-01,0141,Aqua,MODIS,44,6.2,291.7,30.2,N,3
3.945,6.4059,310.5,2.4,1.5,2010-01-01,0141,Aqua,MODIS,71,6.2,291.9,28.3,N,3
4.3136,7.6664,310.2,3,1.6,2010-01-01,0141,Aqua,MODIS,70,6.2,291.7,42.7,N,3
3.8359,-61.1176,303.5,2.6,1.6,2010-01-01,0203,Terra,MODIS,55,6.2,292.1,18.8,N,0
3.8394,-61.0945,303.5,2.6,1.6,2010-01-01,0203,Terra,MODIS,45,6.2,292.1,20.2,N,0
4.5363,-60.8713,304.4,2.4,1.5,2010-01-01,0203,Terra,MODIS,49,6.2,290.4,20.6,N,0
3.845,-61.1005,304.9,2.6,1.6,2010-01-01,0203,Terra,MODIS,60,6.2,292.2,23,N,0
4.5394,-60.8514,303.7,2.4,1.5,2010-01-01,0203,Terra,MODIS,45,6.2,291.5,18.8,N,0
4.5279,-60.8672,315.7,2.4,1.5,2010-01-01,0203,Terra,MODIS,92,6.2,292.8,46.5,N,0
9.7338,-63.4711,306.1,3.1,1.7,2010-01-01,0204,Terra,MODIS,67,6.2,292.9,36,N,2
9.6544,-63.5729,306,3.2,1.7,2010-01-01,0204,Terra,MODIS,67,6.2,292.8,34,N,2
9.6469,-63.6259,304.9,3.2,1.7,2010-01-01,0204,Terra,MODIS,62,6.2,292.7,31.2,N,2
9.6566,-63.5679,306.4,3.2,1.7,2010-01-01,0204,Terra,MODIS,68,6.2,292.7,35.4,N,2
30.8759,120.1314,301,1.1,1,2010-01-01,0242,Terra,MODIS,44,6.2,278.5,7.5,D,0
28.6087,121.4316,309.4,1,1,2010-01-01,0243,Terra,MODIS,69,6.2,281.3,10.1,D,0
17.6788,120.6399,316.4,1.1,1.1,2010-01-01,0246,Terra,MODIS,72,6.2,299.8,10.5,D,0
17.6852,120.6361,319.3,1.1,1.1,2010-01-01,0246,Terra,MODIS,75,6.2,299.1,12,D,0
15.8677,120.9405,347.4,1.2,1.1,2010-01-01,0246,Terra,MODIS,94,6.2,301.1,67.3,D,0
15.8694,120.9296,336.8,1.2,1.1,2010-01-01,0246,Terra,MODIS,88,6.2,295.9,42.1,D,0
16.9013,120.7013,313.9,1.1,1.1,2010-01-01,0246,Terra,MODIS,62,6.2,290.5,13.8,D,0
14.7599,107.0151,311.4,4.7,2,2010-01-01,0247,Terra,MODIS,48,6.2,277.7,93.3,D,2
14.7587,107.023,314.8,4.7,2,2010-01-01,0247,Terra,MODIS,62,6.2,277.7,119.6,D,2
4.6712,114.4697,315.7,1,1,2010-01-01,0250,Terra,MODIS,58,6.2,295.4,6.8,D,0
0.4808,116.0806,312.3,1,1,2010-01-01,0251,Terra,MODIS,66,6.2,295,6.9,D,0
0.0211,116.8739,315.3,1.1,1.1,2010-01-01,0251,Terra,MODIS,42,6.2,295.6,8.7,D,0
-4.8186,120.1103,316.4,2.2,1.5,2010-01-01,0252,Terra,MODIS,66,6.2,282.6,35.7,D,0
-4.8159,120.0909,314.2,2.2,1.4,2010-01-01,0252,Terra,MODIS,57,6.2,283,29.6,D,0
-8.1022,118.0214,316.4,1.7,1.3,2010-01-01,0253,Terra,MODIS,0,6.2,295.2,19.4,D,0
-9.0732,116.9888,311.4,1.5,1.2,2010-01-01,0253,Terra,MODIS,0,6.2,289.2,11.8,D,0
-8.1404,118.1285,317.1,1.8,1.3,2010-01-01,0253,Terra,MODIS,0,6.2,295.2,20.3,D,0
-8.5141,118.1853,316.1,1.8,1.3,2010-01-01,0253,Terra,MODIS,30,6.2,292.5,22.4,D,0
-8.512,118.1693,316.3,1.8,1.3,2010-01-01,0253,Terra,MODIS,0,6.2,292.6,25.1,D,0
-32.067,115.9185,318.5,2.6,1.5,2010-01-01,0259,Terra,MODIS,49,6.2,305.3,17.1,D,0
-32.0627,115.9257,318.8,2.6,1.5,2010-01-01,0259,Terra,MODIS,51,6.2,305.4,18,D,0
14.7323,-13.8303,318.7,3.4,1.7,2010-01-01,0317,Aqua,MODIS,97,6.2,291.3,101.3,N,0
14.7271,-13.8243,314.8,3.4,1.7,2010-01-01,0317,Aqua,MODIS,75,6.2,290,77.5,N,0
14.733,-13.8548,313.6,3.4,1.7,2010-01-01,0317,Aqua,MODIS,60,6.2,291,71.7,N,0
14.7425,-13.8213,307.8,3.4,1.7,2010-01-01,0317,Aqua,MODIS,66,6.2,290.3,50.9,N,0
14.7169,-13.8333,310.1,3.4,1.7,2010-01-01,0317,Aqua,MODIS,79,6.2,289.6,59.3,N,0
14.7226,-13.8639,326.7,3.4,1.7,2010-01-01,0317,Aqua,MODIS,100,6.2,292.3,148.2,N,0
-12.1474,-38.0228,306.9,3.7,1.8,2010-01-01,0325,Aqua,MODIS,50,6.2,291.8,47,N,0
-12.1534,-38.0314,305.6,3.7,1.8,2010-01-01,0325,Aqua,MODIS,34,6.2,291.8,44.1,N,0
-26.4304,-69.4767,302.8,1.1,1.1,2010-01-01,0333,Terra,MODIS,51,6.2,280.1,10.9,N,2
-8.9797,-74.6893,300.1,1,1,2010-01-01,0338,Terra,MODIS,16,6.2,280,4.2,N,0
-8.9783,-74.68,300.6,1,1,2010-01-01,0338,Terra,MODIS,31,6.2,279.8,4.6,N,0
-6.45,-76.8717,303.2,1,1,2010-01-01,0339,Terra,MODIS,39,6.2,290.9,4.9,N,0
-6.4487,-76.8628,304.5,1,1,2010-01-01,0339,Terra,MODIS,53,6.2,292,5.4,N,0
3.7223,-71.8532,304.6,2.3,1.5,2010-01-01,0341,Terra,MODIS,61,6.2,293.7,18.6,N,0
3.6849,-71.9316,316.9,2.3,1.5,2010-01-01,0341,Terra,MODIS,94,6.2,295,44.3,N,0
3.6848,-71.9455,305.4,2.3,1.5,2010-01-01,0341,Terra,MODIS,31,6.2,294.3,15.6,N,0
3.6877,-71.9252,314.9,2.3,1.5,2010-01-01,0341,Terra,MODIS,90,6.2,294.8,38.4,N,0
3.5315,-71.815,303.9,2.3,1.5,2010-01-01,0341,Terra,MODIS,24,6.2,292.7,16.4,N,0
3.5155,-71.8338,304.6,2.3,1.5,2010-01-01,0341,Terra,MODIS,24,6.2,292.8,17.2,N,0
3.5183,-71.8131,332,2.3,1.5,2010-01-01,0341,Terra,MODIS,100,6.2,294.2,104.6,N,0
3.4865,-71.8505,323.5,2.3,1.5,2010-01-01,0341,Terra,MODIS,100,6.2,293.8,66.2,N,0
3.4892,-71.83,325.7,2.3,1.5,2010-01-01,0341,Terra,MODIS,100,6.2,294.7,74.8,N,0
3.5188,-71.8275,320,2.3,1.5,2010-01-01,0341,Terra,MODIS,98,6.2,293,54,N,0
3.5217,-71.8069,325.1,2.3,1.5,2010-01-01,0341,Terra,MODIS,100,6.2,293.9,72.5,N,0
3.5056,-71.8257,308.1,2.3,1.5,2010-01-01,0341,Terra,MODIS,26,6.2,293.4,23.3,N,0
3.4896,-71.8443,324.7,2.3,1.5,2010-01-01,0341,Terra,MODIS,100,6.2,293.9,72.9,N,0
3.4924,-71.8238,307.1,2.3,1.5,2010-01-01,0341,Terra,MODIS,43,6.2,293.9,21.9,N,0
3.3994,-72.0165,307.7,2.2,1.4,2010-01-01,0341,Terra,MODIS,72,6.2,291.4,25.7,N,0
3.3865,-72.0146,321.1,2.2,1.4,2010-01-01,0341,Terra,MODIS,100,6.2,292.4,59.4,N,0
3.4764,-71.8424,318.7,2.3,1.5,2010-01-01,0341,Terra,MODIS,97,6.2,294.6,52.1,N,0
3.3854,-72.029,307.4,2.2,1.4,2010-01-01,0341,Terra,MODIS,49,6.2,292.1,22.3,N,0
3.4012,-72.0111,307,2.2,1.4,2010-01-01,0341,Terra,MODIS,44,6.2,291.3,21.6,N,0
3.3882,-72.0092,318.3,2.2,1.4,2010-01-01,0341,Terra,MODIS,97,6.2,292.4,50.1,N,0
4.234,-75.9077,300.9,1.2,1.1,2010-01-01,0341,Terra,MODIS,34,6.2,287.5,7.6,N,0
4.7636,-68.8286,302.7,4.2,1.9,2010-01-01,0341,Terra,MODIS,51,6.2,291.4,35,N,0
3.4949,-76.4234,313.2,1.1,1.1,2010-01-01,0341,Terra,MODIS,87,6.2,291.3,14,N,0
4.2056,-70.9787,305.7,2.8,1.6,2010-01-01,0341,Terra,MODIS,65,6.2,292.9,28,N,0
5.0184,-68.9572,305.5,4.1,1.9,2010-01-01,0341,Terra,MODIS,64,6.2,291.7,47.8,N,0
5.0307,-68.4412,303.6,4.5,2,2010-01-01,0341,Terra,MODIS,56,6.2,291.4,39.8,N,0
5.0311,-68.4484,305.7,4.5,2,2010-01-01,0341,Terra,MODIS,65,6.2,291.4,52,N,0
9.483,-73.2581,303.2,2.2,1.4,2010-01-01,0343,Terra,MODIS,44,6.2,292.5,15.8,N,0
13.1905,-87.2675,310.2,2.3,1.5,2010-01-01,0344,Terra,MODIS,79,6.2,292.2,29.1,N,0
13.194,-87.2468,311.4,2.3,1.5,2010-01-01,0344,Terra,MODIS,82,6.2,292.6,31.9,N,0
12.5625,-87.1606,327.4,2.3,1.5,2010-01-01,0344,Terra,MODIS,100,6.2,292.9,84.4,N,0
12.5661,-87.1397,315.9,2.3,1.5,2010-01-01,0344,Terra,MODIS,92,6.2,292.4,44.9,N,0
12.5655,-87.1557,336.1,2.3,1.5,2010-01-01,0344,Terra,MODIS,100,6.2,293,123.8,N,0
13.1915,-87.2529,318,2.3,1.5,2010-01-01,0344,Terra,MODIS,96,6.2,292.6,49.9,N,0
19.435,-92.1111,308.2,3.9,1.8,2010-01-01,0346,Terra,MODIS,59,6.2,290.2,49.3,N,3
19.4424,-92.074700000000007,314,3.9,1.8,2010-01-01,0346,Terra,MODIS,84,6.2,290.4,79.7,N,3
17.904,-92.4861,300.2,4.5,2,2010-01-01,0346,Terra,MODIS,20,6.2,289.7,29.1,N,2
19.448,-92.0825,321.5,3.9,1.8,2010-01-01,0346,Terra,MODIS,100,6.2,290.5,128.2,N,3
19.4404,-92.1188,305.2,3.9,1.8,2010-01-01,0346,Terra,MODIS,12,6.2,290.3,35.1,N,3
-42.955,146.7739,320.1,1.4,1.2,2010-01-01,0359,Aqua,MODIS,79,6.2,295.3,27.8,D,0
-42.1852,145.9297,311.5,1.6,1.2,2010-01-01,0359,Aqua,MODIS,61,6.2,295.6,18.2,D,0
-42.1834,145.9496,323.2,1.6,1.2,2010-01-01,0359,Aqua,MODIS,79,6.2,294.4,38.1,D,0
-42.4546,146.799,320.9,1.4,1.2,2010-01-01,0359,Aqua,MODIS,72,6.2,309.1,11.5,D,0
-34.4648,150.8796,334.2,1,1,2010-01-01,0401,Aqua,MODIS,77,6.2,305,20.3,D,2
-26.3859,138.7971,346.8,2.9,1.6,2010-01-01,0404,Aqua,MODIS,90,6.2,306.9,160.1,D,0
-26.3834,138.8258,350.8,2.8,1.6,2010-01-01,0404,Aqua,MODIS,90,6.2,307.6,213.5,D,0
-20.1632,139.8898,333.3,2,1.4,2010-01-01,0405,Aqua,MODIS,67,6.2,295.2,56.3,D,0
-20.161,139.9083,330.3,2,1.4,2010-01-01,0405,Aqua,MODIS,62,6.2,297.7,47,D,0
-20.1537,139.8957,334,2,1.4,2010-01-01,0405,Aqua,MODIS,69,6.2,297.1,58.9,D,0
-20.4709,141.641,319.4,1.5,1.2,2010-01-01,0405,Aqua,MODIS,18,6.2,298,17.3,D,0
-20.0911,146.0069,337.7,1,1,2010-01-01,0405,Aqua,MODIS,90,6.2,281.9,30.3,D,0
-20.0897,146.0164,331.1,1,1,2010-01-01,0405,Aqua,MODIS,81,6.2,285.5,20.3,D,0
-20.0987,146.0179,322.2,1,1,2010-01-01,0405,Aqua,MODIS,63,6.2,284.3,12.1,D,0
-18.8729,136.4094,319.4,3.4,1.7,2010-01-01,0406,Aqua,MODIS,24,6.2,290.2,48.3,D,0
-18.1467,144.7421,323.5,1,1,2010-01-01,0406,Aqua,MODIS,72,6.2,297.8,11,D,0
-18.1454,144.7516,322.5,1,1,2010-01-01,0406,Aqua,MODIS,66,6.2,298.9,10.5,D,0
-18.3133,144.7996,328.8,1,1,2010-01-01,0406,Aqua,MODIS,82,6.2,300.1,18.6,D,0
-19.0766,140.4201,324,1.7,1.3,2010-01-01,0406,Aqua,MODIS,30,6.2,297.8,28.3,D,0
-16.0643,143.9948,333.3,1,1,2010-01-01,0406,Aqua,MODIS,79,6.2,292.8,26.3,D,0
-17.2742,134.3355,311.9,4.7,2,2010-01-01,0406,Aqua,MODIS,0,6.2,281,67.3,D,0
-16.5252,144.1135,326.8,1,1,2010-01-01,0406,Aqua,MODIS,48,6.2,299.7,13.6,D,0
-16.0538,144.003,330.6,1,1,2010-01-01,0406,Aqua,MODIS,77,6.2,290.7,23,D,0
-16.0552,143.9934,324.7,1,1,2010-01-01,0406,Aqua,MODIS,71,6.2,293.9,15.7,D,0
-11.5522,142.54,316.6,1.1,1,2010-01-01,0408,Aqua,MODIS,58,6.2,297.1,8.5,D,0
33.2557,131.6455,310.1,1.1,1,2010-01-01,0420,Aqua,MODIS,70,6.2,285.6,12.7,D,2
35.0224,136.8688,306.7,1.2,1.1,2010-01-01,0420,Aqua,MODIS,0,6.2,283.3,12.8,D,2
27.6048,95.4073,300.5,1,1,2010-01-01,0422,Terra,MODIS,37,6.2,289.7,3.2,D,0
26.5719,101.6699,300.7,1.8,1.3,2010-01-01,0422,Terra,MODIS,38,6.2,288.5,7.1,D,2
27.0163,102.2247,301.9,1.9,1.3,2010-01-01,0422,Terra,MODIS,49,6.2,284.8,14.5,D,0
27.8552,100.6149,300,1.4,1.2,2010-01-01,0422,Terra,MODIS,12,6.2,278.9,10.5,D,0
23.6151,95.7049,306.9,1,1,2010-01-01,0423,Terra,MODIS,64,6.2,296.7,3.1,D,0
23.6166,95.6952,308.7,1,1,2010-01-01,0423,Terra,MODIS,67,6.2,297.8,4.2,D,0
25.9368,96.6438,326.5,1,1,2010-01-01,0423,Terra,MODIS,84,6.2,294.2,23,D,0
25.9384,96.6338,325.6,1,1,2010-01-01,0423,Terra,MODIS,84,6.2,295.3,22.3,D,0
22.8362,95.4246,309.5,1,1,2010-01-01,0423,Terra,MODIS,65,6.2,298.2,4.1,D,0
22.2814,101.5613,302.9,2.1,1.4,2010-01-01,0423,Terra,MODIS,44,6.2,286.9,12.1,D,0
22.6638,95.3432,310.8,1,1,2010-01-01,0423,Terra,MODIS,65,6.2,298,5.3,D,0
18.938,95.3241,314.5,1,1,2010-01-01,0424,Terra,MODIS,70,6.2,301.2,6,D,0
20.1728,94.9748,316.5,1,1,2010-01-01,0424,Terra,MODIS,49,6.2,303.7,6.6,D,0
20.3058,95.2543,323.2,1,1,2010-01-01,0424,Terra,MODIS,78,6.2,304.6,11.5,D,0
20.2509,97.8619,309.8,1.3,1.1,2010-01-01,0424,Terra,MODIS,58,6.2,298.4,7.3,D,0
20.8344,95.0566,319.8,1,1,2010-01-01,0424,Terra,MODIS,74,6.2,304.2,8.8,D,0
20.5194,97.4772,308.4,1.2,1.1,2010-01-01,0424,Terra,MODIS,55,6.2,298.4,6.9,D,0
21.3951,96.3269,309.5,1.1,1,2010-01-01,0424,Terra,MODIS,57,6.2,295.7,6.3,D,0
22.0082,93.5736,302.9,1,1,2010-01-01,0424,Terra,MODIS,38,6.2,291.9,5.2,D,0
21.4326,97.8619,320.1,1.3,1.1,2010-01-01,0424,Terra,MODIS,80,6.2,302.3,16.3,D,0
21.4122,100.3775,304,1.8,1.3,2010-01-01,0424,Terra,MODIS,51,6.2,293.4,10,D,0
21.4069,100.3828,303.9,1.8,1.3,2010-01-01,0424,Terra,MODIS,44,6.2,293,9.4,D,0
21.7214,99.1387,300.7,1.5,1.2,2010-01-01,0424,Terra,MODIS,41,6.2,289.2,7.7,D,0
18.766,95.4229,312.8,1,1,2010-01-01,0424,Terra,MODIS,67,6.2,299,5.8,D,0
21.2336,99.8853,305.8,1.7,1.3,2010-01-01,0424,Terra,MODIS,54,6.2,293.7,11.5,D,0
21.2312,99.8914,303.1,1.7,1.3,2010-01-01,0424,Terra,MODIS,42,6.2,292.8,8.5,D,0
18.7193,95.4292,319.9,1,1,2010-01-01,0424,Terra,MODIS,77,6.2,299.4,12.2,D,0
18.5326,96.4362,323.2,1.2,1.1,2010-01-01,0424,Terra,MODIS,80,6.2,298.1,17.7,D,0
18.4742,95.0414,330.7,1,1,2010-01-01,0425,Terra,MODIS,85,6.2,301.5,24.1,D,0
18.5651,95.407,309.9,1.1,1,2010-01-01,0425,Terra,MODIS,54,6.2,295.9,4.9,D,0
17.184,96.144,312.7,1.2,1.1,2010-01-01,0425,Terra,MODIS,59,6.2,299.5,6.2,D,0
17.4117,95.9349,314.7,1.1,1.1,2010-01-01,0425,Terra,MODIS,65,6.2,300,7.1,D,0
18.4456,95.0465,312.5,1,1,2010-01-01,0425,Terra,MODIS,65,6.2,299,5.5,D,0
13.8539,103.0067,313.2,4.1,1.9,2010-01-01,0425,Terra,MODIS,30,6.2,286.4,40.9,D,0
13.5453,102.6957,316.6,3.9,1.8,2010-01-01,0426,Terra,MODIS,42,6.2,292,60.5,D,0
-34.7944,-58.4982,306.1,1,1,2010-01-01,0510,Aqua,MODIS,67,6.2,288.5,7.7,N,0
-31.3723,123.1331,339.8,1,1,2010-01-01,0541,Aqua,MODIS,44,6.2,319.6,14.2,D,0
-31.3679,123.1651,349.1,1,1,2010-01-01,0541,Aqua,MODIS,90,6.2,320,32.7,D,0
-31.377,123.1668,339.9,1,1,2010-01-01,0541,Aqua,MODIS,57,6.2,321.4,14.7,D,0
-31.4809,123.005,342.8,1,1,2010-01-01,0541,Aqua,MODIS,70,6.2,319.6,21.7,D,0
-31.4794,123.0158,376.5,1,1,2010-01-01,0541,Aqua,MODIS,100,6.2,323.2,115.9,D,0
-31.4885,123.0175,344.9,1,1,2010-01-01,0541,Aqua,MODIS,86,6.2,321.9,23.8,D,0
-31.5141,122.9669,338.6,1,1,2010-01-01,0541,Aqua,MODIS,77,6.2,319.9,15.9,D,0
-31.5225,122.9638,347.2,1,1,2010-01-01,0541,Aqua,MODIS,89,6.2,320.2,29.8,D,0
-31.5697,122.9615,335.6,1,1,2010-01-01,0541,Aqua,MODIS,71,6.2,320,10.7,D,0
-31.3682,123.2309,345.8,1,1,2010-01-01,0541,Aqua,MODIS,88,6.2,319.3,28.4,D,0
-31.5682,122.9723,361.2,1,1,2010-01-01,0541,Aqua,MODIS,100,6.2,322.5,65.5,D,0
-31.6155,123.02,340,1,1,2010-01-01,0541,Aqua,MODIS,67,6.2,323.2,16.3,D,0
-31.3628,123.0654,374.6,1,1,2010-01-01,0541,Aqua,MODIS,100,6.2,322.9,110.5,D,0
-31.3697,123.2202,344,1,1,2010-01-01,0541,Aqua,MODIS,85,6.2,320.4,24.4,D,0
-31.3614,123.0761,390.3,1,1,2010-01-01,0541,Aqua,MODIS,100,6.2,322.2,179.2,D,0
-31.3705,123.0778,340.3,1,1,2010-01-01,0541,Aqua,MODIS,60,6.2,322.4,17.6,D,0
-18.9743,126.1273,344.5,1.7,1.3,2010-01-01,0544,Aqua,MODIS,65,6.2,311.9,48.1,D,0
-18.0032,125.7399,342.7,1.6,1.3,2010-01-01,0545,Aqua,MODIS,84,6.2,306.3,51.7,D,0
-18.0007,125.7552,361.1,1.6,1.3,2010-01-01,0545,Aqua,MODIS,100,6.2,306.6,136.7,D,0
-18.0194,125.7118,335.1,1.6,1.3,2010-01-01,0545,Aqua,MODIS,70,6.2,308.4,24.9,D,0
-18.0093,125.7727,337.8,1.6,1.3,2010-01-01,0545,Aqua,MODIS,76,6.2,304.3,37.8,D,0
-18.0078,125.7165,335.2,1.6,1.3,2010-01-01,0545,Aqua,MODIS,70,6.2,306.9,24.8,D,0
-18.0052,125.7315,340.7,1.6,1.3,2010-01-01,0545,Aqua,MODIS,81,6.2,306.3,44.3,D,0
-18.0025,125.7467,356.8,1.6,1.3,2010-01-01,0545,Aqua,MODIS,97,6.2,306.7,115.6,D,0
-17.9999,125.7621,347.6,1.6,1.3,2010-01-01,0545,Aqua,MODIS,89,6.2,305.7,73.3,D,0
-18.019,125.7186,336.6,1.6,1.3,2010-01-01,0545,Aqua,MODIS,73,6.2,308.3,27.7,D,0
-18.0138,125.7489,347.1,1.6,1.3,2010-01-01,0545,Aqua,MODIS,89,6.2,307.7,70.9,D,0
-18.0057,125.7247,338.8,1.6,1.3,2010-01-01,0545,Aqua,MODIS,78,6.2,306.6,37.5,D,0
-18.0119,125.7573,356.9,1.6,1.3,2010-01-01,0545,Aqua,MODIS,97,6.2,308,116.7,D,0
-18.0111,125.7641,363.9,1.6,1.3,2010-01-01,0545,Aqua,MODIS,100,6.2,306.7,154.8,D,0
-16.3571,129.8985,327.7,3.6,1.8,2010-01-01,0545,Aqua,MODIS,62,6.2,298.9,53.2,D,0
-14.9453,124.6622,312.9,1.5,1.2,2010-01-01,0545,Aqua,MODIS,56,6.2,300.6,13.2,D,3
-16.3633,129.8926,328.6,3.6,1.8,2010-01-01,0545,Aqua,MODIS,70,6.2,298.6,61.3,D,0
-8.2333,124.0713,313.8,1.8,1.3,2010-01-01,0547,Aqua,MODIS,58,6.2,296.4,21.7,D,3
-8.5733,119.7103,311.1,1,1,2010-01-01,0547,Aqua,MODIS,31,6.2,299.7,6.7,D,3
-8.9441,117.6302,315.7,1,1,2010-01-01,0547,Aqua,MODIS,0,6.2,293.1,7.7,D,0
-8.238,124.0779,315.4,1.8,1.3,2010-01-01,0547,Aqua,MODIS,48,6.2,295.7,24,D,3
-8.3627,120.0196,312.6,1,1,2010-01-01,0547,Aqua,MODIS,55,6.2,298.6,7.9,D,3
-8.1596,117.5857,319.6,1,1,2010-01-01,0547,Aqua,MODIS,43,6.2,297.7,9.1,D,0
-8.1089,118.0743,319.3,1,1,2010-01-01,0547,Aqua,MODIS,0,6.2,300.8,9.1,D,0
2.1509,117.4968,320.6,1,1,2010-01-01,0550,Aqua,MODIS,0,6.2,297.5,10.6,D,0
4.2557,117.6874,317.3,1.1,1,2010-01-01,0551,Aqua,MODIS,67,6.2,295.6,10.2,D,0
5.0517,116.3507,315.6,1,1,2010-01-01,0551,Aqua,MODIS,70,6.2,295.1,8.7,D,0
5.0261,116.2993,322,1,1,2010-01-01,0551,Aqua,MODIS,78,6.2,294.1,15.6,D,0
12.4711,107.4218,308.3,2.3,1.5,2010-01-01,0553,Aqua,MODIS,56,6.2,283.5,21.7,D,0
12.4747,107.443,305.5,2.3,1.5,2010-01-01,0553,Aqua,MODIS,19,6.2,282.1,14.6,D,0
12.4015,107.3115,307.7,2.4,1.5,2010-01-01,0553,Aqua,MODIS,36,6.2,280.8,15.5,D,0
12.1323,106.4465,306.9,2.8,1.6,2010-01-01,0553,Aqua,MODIS,19,6.2,277.5,15.4,D,0
11.9801,108.6581,309.5,1.9,1.3,2010-01-01,0553,Aqua,MODIS,61,6.2,291.9,19.9,D,0
11.4708,107.3273,308,2.5,1.5,2010-01-01,0553,Aqua,MODIS,53,6.2,286.1,20.4,D,0
13.9653,103.3117,316.1,4.5,1.9,2010-01-01,0554,Aqua,MODIS,73,6.2,292.9,65.2,D,0
14.324,105.8323,303.8,2.8,1.6,2010-01-01,0554,Aqua,MODIS,15,6.2,273.6,14.6,D,0
14.0032,104.756,308.9,3.5,1.8,2010-01-01,0554,Aqua,MODIS,61,6.2,283.1,26.1,D,0
13.3148,106.529,303.9,2.6,1.6,2010-01-01,0554,Aqua,MODIS,29,6.2,276.3,15.7,D,0
13.3089,106.5368,304.7,2.6,1.6,2010-01-01,0554,Aqua,MODIS,45,6.2,274.7,18.5,D,0
12.8226,106.2718,305.3,2.8,1.6,2010-01-01,0554,Aqua,MODIS,45,6.2,279.4,15.4,D,0
12.7883,106.177,313.2,2.9,1.6,2010-01-01,0554,Aqua,MODIS,61,6.2,276.2,40.9,D,0
12.6001,106.1382,309.1,2.9,1.6,2010-01-01,0554,Aqua,MODIS,48,6.2,276.2,27.7,D,0
12.5946,106.2729,311.5,2.8,1.6,2010-01-01,0554,Aqua,MODIS,63,6.2,282.2,34.3,D,0
12.5926,106.2783,311.1,2.8,1.6,2010-01-01,0554,Aqua,MODIS,65,6.2,281.9,32.9,D,0
15.1514,106.7857,314.2,2.3,1.5,2010-01-01,0554,Aqua,MODIS,63,6.2,289,31.1,D,0
14.2819,104.9368,309.1,3.3,1.7,2010-01-01,0554,Aqua,MODIS,49,6.2,285.3,26.6,D,0
13.9178,104.8739,307.3,3.4,1.7,2010-01-01,0554,Aqua,MODIS,58,6.2,279.9,22.3,D,0
15.1644,106.7829,311.4,2.3,1.5,2010-01-01,0554,Aqua,MODIS,43,6.2,289.9,22.3,D,0
15.1619,106.7769,325.6,2.3,1.5,2010-01-01,0554,Aqua,MODIS,82,6.2,291.3,64.6,D,0
17.0305,102.8332,313.8,4.2,1.9,2010-01-01,0555,Aqua,MODIS,68,6.2,292.9,43,D,0
16.813,105.1729,313.5,2.8,1.6,2010-01-01,0555,Aqua,MODIS,66,6.2,295,24.7,D,0
21.0336,103.2706,306.4,3.2,1.7,2010-01-01,0556,Aqua,MODIS,45,6.2,282.5,27.2,D,0
42.9966,71.2129,304.3,1.3,1.1,2010-01-01,0557,Terra,MODIS,59,6.2,284.6,10.8,D,0
28.6784,110.2302,302.2,1,1,2010-01-01,0558,Aqua,MODIS,51,6.2,283.4,6.9,D,0
32.156,112.9014,302.8,1.2,1.1,2010-01-01,0558,Aqua,MODIS,54,6.2,285.9,8,D,0
29.8746,112.4071,300.1,1.1,1.1,2010-01-01,0558,Aqua,MODIS,0,6.2,284.3,5.7,D,0
29.1533,110.3969,305.9,1,1,2010-01-01,0558,Aqua,MODIS,62,6.2,285.8,8.4,D,0
32.8927,76.124,302.7,1.2,1.1,2010-01-01,0559,Terra,MODIS,32,6.2,291.7,7.2,D,0
34.3142,73.3029,301.9,1,1,2010-01-01,0559,Terra,MODIS,40,6.2,289.5,5.1,D,0
32.8904,76.1368,303.6,1.2,1.1,2010-01-01,0559,Terra,MODIS,40,6.2,291.6,7.4,D,0
34.8888,108.7536,301.9,1,1,2010-01-01,0559,Aqua,MODIS,50,6.2,289,4.2,D,0
34.9924,109.4913,301.8,1,1,2010-01-01,0559,Aqua,MODIS,49,6.2,288.3,4.5,D,0
34.9939,109.5023,300.4,1,1,2010-01-01,0559,Aqua,MODIS,36,6.2,287.7,3.7,D,0
34.027,104.288,301.4,1.4,1.2,2010-01-01,0559,Aqua,MODIS,47,6.2,278.4,12.5,D,0
34.765,110.9133,304.7,1.1,1,2010-01-01,0559,Aqua,MODIS,60,6.2,284.5,8.2,D,0
34.4675,108.962,306.3,1,1,2010-01-01,0559,Aqua,MODIS,63,6.2,286.2,7.8,D,0
34.8394,112.0406,300.7,1.2,1.1,2010-01-01,0559,Aqua,MODIS,40,6.2,290.5,3.9,D,0
34.3546,110.8405,300,1.1,1,2010-01-01,0559,Aqua,MODIS,13,6.2,287.9,4,D,0
34.356,110.852,301.2,1.1,1,2010-01-01,0559,Aqua,MODIS,46,6.2,287.9,4.7,D,0
33.7963,113.2296,302.3,1.3,1.1,2010-01-01,0559,Aqua,MODIS,51,6.2,289.9,7,D,0
33.7764,113.3355,311.2,1.4,1.2,2010-01-01,0559,Aqua,MODIS,71,6.2,288.7,15.6,D,0
33.4461,111.0605,306.7,1.1,1,2010-01-01,0559,Aqua,MODIS,64,6.2,288,8.5,D,0
32.6865,110.6583,305.4,1,1,2010-01-01,0559,Aqua,MODIS,61,6.2,287.3,7.9,D,0
35.4593,109.0081,302.7,1,1,2010-01-01,0559,Aqua,MODIS,53,6.2,285,6,D,0
33.4446,113.1644,309.4,1.3,1.1,2010-01-01,0559,Aqua,MODIS,68,6.2,287.3,13.8,D,0
35.2006,109.3276,303.3,1,1,2010-01-01,0559,Aqua,MODIS,55,6.2,290.2,4.5,D,0
34.9544,109.1515,307,1,1,2010-01-01,0559,Aqua,MODIS,65,6.2,286.1,8,D,0
29.7704,70.8573,305.4,1,1,2010-01-01,0600,Terra,MODIS,50,6.2,294.9,4.2,D,0
29.8935,72.9127,306.3,1,1,2010-01-01,0600,Terra,MODIS,60,6.2,293.6,5.1,D,0
32.3883,71.561,306.9,1,1,2010-01-01,0600,Terra,MODIS,61,6.2,294.5,6.3,D,0
32.3984,73.4486,300.8,1,1,2010-01-01,0600,Terra,MODIS,41,6.2,288.4,4.2,D,0
30.3023,70.936,303.4,1,1,2010-01-01,0600,Terra,MODIS,53,6.2,292.6,4,D,0
30.0065,80.3861,309.2,2.6,1.5,2010-01-01,0600,Terra,MODIS,68,6.2,281.7,48.4,D,0
30.6984,70.9341,303.4,1,1,2010-01-01,0600,Terra,MODIS,56,6.2,288.8,5.4,D,0
30.7493,71.7525,306.7,1,1,2010-01-01,0600,Terra,MODIS,63,6.2,291.2,6.8,D,0
37.5889,105.8488,303.5,1.1,1,2010-01-01,0600,Aqua,MODIS,56,6.2,280.1,8,D,0
36.6186,113.7588,302.7,1.6,1.2,2010-01-01,0600,Aqua,MODIS,53,6.2,284.7,11,D,2
35.5295,109.1104,304.2,1,1,2010-01-01,0600,Aqua,MODIS,58,6.2,287.2,7,D,0
36.62,113.7518,303,1.6,1.2,2010-01-01,0600,Aqua,MODIS,55,6.2,284.7,12,D,2
38.0694,109.4703,320.1,1,1,2010-01-01,0600,Aqua,MODIS,80,6.2,279,21,D,0
38.071,109.4821,323.8,1,1,2010-01-01,0600,Aqua,MODIS,83,6.2,278.2,24.9,D,0
29.1012,70.5064,306.4,1,1,2010-01-01,0601,Terra,MODIS,42,6.2,294.3,5.3,D,0
27.4926,68.3962,316.6,1.2,1.1,2010-01-01,0601,Terra,MODIS,72,6.2,296.9,14.7,D,0
29.3043,70.4352,306.3,1,1,2010-01-01,0601,Terra,MODIS,50,6.2,293.7,5.5,D,0
28.3371,70.1781,310.6,1,1,2010-01-01,0601,Terra,MODIS,56,6.2,294.3,8.4,D,0
29.0104,70.4302,307,1,1,2010-01-01,0601,Terra,MODIS,47,6.2,294.3,5.6,D,0
28.6769,70.5788,313.7,1,1,2010-01-01,0601,Terra,MODIS,65,6.2,293.1,11.5,D,0
29.009,70.4408,315.7,1,1,2010-01-01,0601,Terra,MODIS,71,6.2,294.4,12.2,D,0
27.4898,68.4015,314.3,1.2,1.1,2010-01-01,0601,Terra,MODIS,66,6.2,295.9,12.9,D,0
39.6657,110.2001,322.3,1.1,1.1,2010-01-01,0601,Aqua,MODIS,82,6.2,276.4,27.4,D,2
38.886,106.26220000000001,301.2,1,1,2010-01-01,0601,Aqua,MODIS,43,6.2,280.9,6.4,D,0
39.6642,110.187,302.6,1.1,1.1,2010-01-01,0601,Aqua,MODIS,53,6.2,276.1,9,D,2
40.6189,109.7369,301.2,1.1,1.1,2010-01-01,0601,Aqua,MODIS,44,6.2,275.1,7.9,D,2
40.6205,109.7499,345.1,1.1,1.1,2010-01-01,0601,Aqua,MODIS,94,6.2,276.1,64.9,D,2
24.8635,69.0086,311.8,1.1,1,2010-01-01,0602,Terra,MODIS,52,6.2,298.9,5.8,D,0
24.9442,68.4735,312.4,1.1,1.1,2010-01-01,0602,Terra,MODIS,57,6.2,297.1,8.5,D,0
25.3,68.9192,309.7,1.1,1,2010-01-01,0602,Terra,MODIS,44,6.2,295.8,7.1,D,0
25.3262,68.7253,309.5,1.1,1,2010-01-01,0602,Terra,MODIS,45,6.2,296.7,7.1,D,0
25.3335,68.6709,320.8,1.1,1.1,2010-01-01,0602,Terra,MODIS,75,6.2,298.2,18,D,0
25.3758,68.8277,310.5,1.1,1,2010-01-01,0602,Terra,MODIS,52,6.2,296.3,7.8,D,0
25.4302,68.4893,311.5,1.1,1.1,2010-01-01,0602,Terra,MODIS,57,6.2,296.7,9.5,D,0
25.4317,68.4781,317.9,1.1,1.1,2010-01-01,0602,Terra,MODIS,71,6.2,296.2,15.6,D,0
25.4148,68.6785,311.4,1.1,1.1,2010-01-01,0602,Terra,MODIS,56,6.2,295.7,8.9,D,0
21.2553,75.1502,311.1,1.7,1.3,2010-01-01,0602,Terra,MODIS,58,6.2,298.3,12.4,D,0
25.5223,68.4872,316.1,1.1,1.1,2010-01-01,0602,Terra,MODIS,68,6.2,295.1,14.1,D,0
25.6119,68.7218,320.7,1.1,1.1,2010-01-01,0602,Terra,MODIS,75,6.2,294.8,19.2,D,0
25.6164,68.7292,316.2,1.1,1.1,2010-01-01,0602,Terra,MODIS,69,6.2,295,13.1,D,0
25.6178,68.7182,323.1,1.1,1.1,2010-01-01,0602,Terra,MODIS,78,6.2,295,21,D,0
25.6221,68.6852,309.7,1.1,1.1,2010-01-01,0602,Terra,MODIS,51,6.2,295.2,8.3,D,0
25.6235,68.6742,310,1.1,1.1,2010-01-01,0602,Terra,MODIS,52,6.2,294.9,8.5,D,0
25.6575,68.9243,309.5,1.1,1,2010-01-01,0602,Terra,MODIS,48,6.2,295.4,6.9,D,0
21.2581,75.1343,308.6,1.7,1.3,2010-01-01,0602,Terra,MODIS,45,6.2,298.2,8.8,D,0
22.1476,73.6751,310,1.3,1.1,2010-01-01,0602,Terra,MODIS,43,6.2,298.1,6.9,D,0
25.4749,68.6271,308.9,1.1,1.1,2010-01-01,0602,Terra,MODIS,42,6.2,295,7.4,D,0
25.9602,68.9088,310.7,1.1,1,2010-01-01,0602,Terra,MODIS,56,6.2,297.1,7.6,D,0
21.9028,72.684,314.5,1.2,1.1,2010-01-01,0602,Terra,MODIS,45,6.2,302.2,7.2,D,0
22.1455,73.6875,312.1,1.3,1.1,2010-01-01,0602,Terra,MODIS,56,6.2,299.6,9.2,D,0
21.8775,73.0775,311,1.2,1.1,2010-01-01,0602,Terra,MODIS,42,6.2,298.8,7,D,0
22.1852,73.2693,311.3,1.2,1.1,2010-01-01,0602,Terra,MODIS,49,6.2,299.8,7.7,D,0
20.9958,72.7562,313.5,1.2,1.1,2010-01-01,0603,Terra,MODIS,46,6.2,301.2,6.3,D,0
21.4975,73.1385,311.4,1.2,1.1,2010-01-01,0603,Terra,MODIS,49,6.2,298.8,6.8,D,0
19.5326,73.3383,316.8,1.4,1.2,2010-01-01,0603,Terra,MODIS,60,6.2,302,12,D,0
20.825,70.8116,313,1,1,2010-01-01,0603,Terra,MODIS,55,6.2,299.9,6.3,D,0
20.8841,72.8118,313.7,1.2,1.1,2010-01-01,0603,Terra,MODIS,43,6.2,300.8,5.9,D,0
20.8664,70.5415,311.5,1,1,2010-01-01,0603,Terra,MODIS,38,6.2,297.8,5.2,D,0
20.9564,70.4355,315.7,1,1,2010-01-01,0603,Terra,MODIS,62,6.2,299.6,8.1,D,0
15.9871,73.8105,318.3,1.7,1.3,2010-01-01,0604,Terra,MODIS,71,6.2,296.7,21.7,D,0
15.9985,73.8126,318.3,1.7,1.3,2010-01-01,0604,Terra,MODIS,71,6.2,296.7,21.1,D,0
9.3319,-70.3399,314.5,1.3,1.1,2010-01-01,0636,Aqua,MODIS,89,6.2,282.7,23,N,0
9.6425,-63.5806,306.9,4,1.9,2010-01-01,0636,Aqua,MODIS,70,6.2,290.5,57.8,N,2
9.6527,-63.5418,319.9,4.1,1.9,2010-01-01,0636,Aqua,MODIS,99,6.2,291.6,135.8,N,2
9.6591,-63.5783,307.2,4,1.9,2010-01-01,0636,Aqua,MODIS,71,6.2,291.1,58.7,N,2
9.7382,-63.4754,301.3,4.1,1.9,2010-01-01,0636,Aqua,MODIS,40,6.2,290.3,37.4,N,2
11.6271,-70.2122,305.8,1.2,1.1,2010-01-01,0636,Aqua,MODIS,66,6.2,294.1,6.4,N,2
11.6288,-70.2231,309.3,1.2,1.1,2010-01-01,0636,Aqua,MODIS,77,6.2,294.3,9.3,N,2
9.3335,-70.3505,312.4,1.3,1.1,2010-01-01,0636,Aqua,MODIS,85,6.2,283.7,20.2,N,0
9.6224,-63.659,316.3,4,1.9,2010-01-01,0636,Aqua,MODIS,93,6.2,291.5,107.7,N,0
9.6287,-63.6948,325.4,3.9,1.8,2010-01-01,0636,Aqua,MODIS,100,6.2,290.6,175.2,N,2
9.6361,-63.5443,323.9,4.1,1.9,2010-01-01,0636,Aqua,MODIS,100,6.2,291,167.6,N,2
9.6177,-63.6666,313.6,4,1.9,2010-01-01,0636,Aqua,MODIS,87,6.2,291,89.7,N,0
9.6403,-63.6997,306.3,3.9,1.8,2010-01-01,0636,Aqua,MODIS,68,6.2,290.8,53.1,N,0
9.6238,-63.7023,307.4,3.9,1.8,2010-01-01,0636,Aqua,MODIS,61,6.2,290.1,55.9,N,2
9.6342,-63.6638,309.8,4,1.9,2010-01-01,0636,Aqua,MODIS,61,6.2,291.3,68,N,0
5.0507,-68.4478,307.2,2,1.4,2010-01-01,0637,Aqua,MODIS,71,6.2,293.1,18.3,N,0
3.5775,-72.823,309,1.1,1,2010-01-01,0638,Aqua,MODIS,76,6.2,292.2,10.3,N,0
3.5221,-71.8363,305.8,1.2,1.1,2010-01-01,0638,Aqua,MODIS,66,6.2,292.6,9,N,0
4.7748,-68.8479,302.7,1.9,1.3,2010-01-01,0638,Aqua,MODIS,51,6.2,291.7,11.8,N,0
3.6498,-71.9437,306,1.2,1.1,2010-01-01,0638,Aqua,MODIS,66,6.2,292.8,8.8,N,0
4.7685,-68.8386,302.8,1.9,1.4,2010-01-01,0638,Aqua,MODIS,51,6.2,291.7,12.2,N,0
3.8447,-71.8143,306,1.2,1.1,2010-01-01,0638,Aqua,MODIS,67,6.2,292.6,9.1,N,0
4.1926,-70.9819,302.9,1.4,1.2,2010-01-01,0638,Aqua,MODIS,52,6.2,292.7,7.5,N,0
-2.0074,-78.3383,307.5,1.2,1.1,2010-01-01,0640,Aqua,MODIS,72,6.2,270.7,16.1,N,0
-6.8659,-76.1315,300.8,1,1,2010-01-01,0641,Aqua,MODIS,34,6.2,282.1,5,N,0
-7.8374,-75.0634,304.8,1.1,1.1,2010-01-01,0641,Aqua,MODIS,62,6.2,292,5.8,N,0
18.1972,95.8235,318.4,2.6,1.5,2010-01-01,0733,Aqua,MODIS,49,6.2,303,32.6,D,0
18.0797,95.5803,317.8,2.5,1.5,2010-01-01,0733,Aqua,MODIS,72,6.2,300.6,31.5,D,0
18.0821,95.6036,317.7,2.5,1.5,2010-01-01,0733,Aqua,MODIS,72,6.2,301.7,30.4,D,0
17.8165,95.1936,316.3,2.3,1.5,2010-01-01,0733,Aqua,MODIS,69,6.2,301.7,20,D,0
17.8074,95.1998,319,2.3,1.5,2010-01-01,0733,Aqua,MODIS,73,6.2,300.8,29.6,D,0
18.1681,95.0828,315.4,2.3,1.5,2010-01-01,0733,Aqua,MODIS,69,6.2,302.6,21.2,D,0
18.1718,95.0875,314.6,2.3,1.5,2010-01-01,0733,Aqua,MODIS,67,6.2,302.6,18.5,D,0
18.8521,99.0939,318.4,4.7,2,2010-01-01,0733,Aqua,MODIS,73,6.2,297.3,91.7,D,0
18.6957,98.9463,312.7,4.5,2,2010-01-01,0733,Aqua,MODIS,64,6.2,296.3,49.7,D,0
18.8515,99.1022,318.7,4.7,2,2010-01-01,0733,Aqua,MODIS,74,6.2,297.4,93.7,D,0
18.6948,98.9417,312.3,4.5,2,2010-01-01,0733,Aqua,MODIS,63,6.2,296.2,44.5,D,0
18.7588,95.3396,316.9,2.4,1.5,2010-01-01,0734,Aqua,MODIS,71,6.2,303.5,21.7,D,0
19.6174,96.0083,315.2,2.8,1.6,2010-01-01,0734,Aqua,MODIS,68,6.2,302.6,23.9,D,0
18.7524,95.335,315.7,2.4,1.5,2010-01-01,0734,Aqua,MODIS,70,6.2,303.4,19,D,0
21.5006,96.301,313.7,3.1,1.7,2010-01-01,0734,Aqua,MODIS,63,6.2,300.3,33.4,D,0
21.4417,98.0982,308.8,4.3,1.9,2010-01-01,0734,Aqua,MODIS,43,6.2,296.2,45.7,D,0
21.4376,98.1073,308.1,4.3,1.9,2010-01-01,0734,Aqua,MODIS,32,6.2,296.4,41.2,D,0
20.9561,85.1441,314.4,1.1,1.1,2010-01-01,0734,Aqua,MODIS,65,6.2,302.1,7.9,D,2
25.936,96.6445,304.4,3.8,1.8,2010-01-01,0735,Aqua,MODIS,40,6.2,293,29.9,D,0
23.5653,89.5937,304.3,1.2,1.1,2010-01-01,0735,Aqua,MODIS,43,6.2,294,3.9,D,0
23.3891,89.1941,307,1.1,1.1,2010-01-01,0735,Aqua,MODIS,56,6.2,295.6,5.4,D,0
25.3408,90.9096,306.7,1.4,1.2,2010-01-01,0735,Aqua,MODIS,60,6.2,294.2,10.8,D,0
22.0476,88.0943,311.8,1,1,2010-01-01,0735,Aqua,MODIS,49,6.2,299.7,6,D,0
22.0489,88.104,318.2,1,1,2010-01-01,0735,Aqua,MODIS,0,6.2,299.9,11.4,D,0
21.9361,87.5605,309.2,1,1,2010-01-01,0735,Aqua,MODIS,59,6.2,297.8,5.4,D,0
21.6779,86.2385,316.1,1,1,2010-01-01,0735,Aqua,MODIS,71,6.2,292.8,14.3,D,0
21.6793,86.2483,314.2,1,1,2010-01-01,0735,Aqua,MODIS,68,6.2,293,12.5,D,0
22.6792,95.3741,312.9,2.8,1.6,2010-01-01,0735,Aqua,MODIS,71,6.2,298.6,25.6,D,0
22.5608,95.3949,314,2.8,1.6,2010-01-01,0735,Aqua,MODIS,72,6.2,298.4,30,D,0
23.7893,86.2379,316.6,1,1,2010-01-01,0735,Aqua,MODIS,72,6.2,301.2,10.1,D,2
23.5549,87.2286,311.7,1,1,2010-01-01,0735,Aqua,MODIS,0,6.2,300.1,5.8,D,0
23.2754,90.8911,309.2,1.4,1.2,2010-01-01,0735,Aqua,MODIS,64,6.2,296.6,8.1,D,0
22.5585,95.3997,312.2,2.8,1.6,2010-01-01,0735,Aqua,MODIS,69,6.2,298.3,23.6,D,0
23.7662,86.3923,316.2,1,1,2010-01-01,0735,Aqua,MODIS,62,6.2,303.4,8.9,D,2
23.8036,87.0393,311.6,1,1,2010-01-01,0735,Aqua,MODIS,63,6.2,300.6,5.8,D,2
23.6737,86.0836,313.7,1,1,2010-01-01,0735,Aqua,MODIS,68,6.2,299.3,8,D,2
23.6752,86.0934,308.3,1,1,2010-01-01,0735,Aqua,MODIS,52,6.2,297.5,4,D,2
26.7648,90.7771,318.3,1.5,1.2,2010-01-01,0736,Aqua,MODIS,78,6.2,290.8,26.6,D,0
28.3435,84.4355,311.8,1,1,2010-01-01,0736,Aqua,MODIS,72,6.2,294.4,12,D,0
27.4366,94.5718,306.5,2.8,1.6,2010-01-01,0736,Aqua,MODIS,64,6.2,293.9,18.5,D,0
27.1977,91.4028,328.6,1.7,1.3,2010-01-01,0736,Aqua,MODIS,86,6.2,293.9,57.4,D,0
27.1989,91.414,322.5,1.7,1.3,2010-01-01,0736,Aqua,MODIS,82,6.2,286.7,43.6,D,0
32.1208,53.8786,302,1.7,1.3,2010-01-01,0738,Terra,MODIS,50,6.2,283.9,10.4,D,0
35.4558,44.4238,308.5,1.4,1.2,2010-01-01,0738,Terra,MODIS,67,6.2,285.3,15.7,D,2
32.0681,76.8051,318.2,2.4,1.5,2010-01-01,0738,Aqua,MODIS,78,6.2,288.1,62.6,D,0
31.0159,76.1492,307.3,2.8,1.6,2010-01-01,0738,Aqua,MODIS,65,6.2,290,35,D,0
31.0262,76.1533,306.1,2.8,1.6,2010-01-01,0738,Aqua,MODIS,63,6.2,289.9,31.5,D,0
32.0778,76.7968,316.2,2.4,1.5,2010-01-01,0738,Aqua,MODIS,76,6.2,286.3,55.1,D,0
32.0817,76.8045,304.4,2.4,1.5,2010-01-01,0738,Aqua,MODIS,50,6.2,283.4,25.2,D,0
29.8987,47.7243,301.4,1,1,2010-01-01,0739,Terra,MODIS,46,6.2,288.2,3.6,D,2
30.1058,47.4506,302.1,1,1,2010-01-01,0739,Terra,MODIS,51,6.2,287.8,4.2,D,2
30.1074,47.4403,304.9,1,1,2010-01-01,0739,Terra,MODIS,60,6.2,288.1,5.7,D,2
30.165,47.4264,300.5,1,1,2010-01-01,0739,Terra,MODIS,20,6.2,287.5,2.9,D,2
30.1665,47.4162,351.4,1,1,2010-01-01,0739,Terra,MODIS,96,6.2,291,64.8,D,2
30.1769,47.4076,301.4,1,1,2010-01-01,0739,Terra,MODIS,24,6.2,287.8,3.3,D,2
30.2051,47.4025,313.6,1,1,2010-01-01,0739,Terra,MODIS,74,6.2,287.1,11.4,D,2
30.2066,47.3923,337,1,1,2010-01-01,0739,Terra,MODIS,90,6.2,289.9,37.8,D,2
30.2155,47.394,326.1,1,1,2010-01-01,0739,Terra,MODIS,84,6.2,289.5,23.1,D,2
30.2749,47.3691,309.6,1,1,2010-01-01,0739,Terra,MODIS,69,6.2,287.9,8.8,D,2
30.2764,47.3589,325,1,1,2010-01-01,0739,Terra,MODIS,83,6.2,289.4,22.5,D,2
30.2692,47.716,300.6,1,1,2010-01-01,0739,Terra,MODIS,27,6.2,284.9,4,D,2
30.3522,47.3417,305.8,1,1,2010-01-01,0739,Terra,MODIS,62,6.2,288.4,6.6,D,2
30.3623,47.3397,325.8,1,1,2010-01-01,0739,Terra,MODIS,84,6.2,289.7,23.3,D,2
30.3994,47.3362,308.7,1,1,2010-01-01,0739,Terra,MODIS,67,6.2,288.1,8.3,D,0
30.4943,47.3181,320,1,1,2010-01-01,0739,Terra,MODIS,80,6.2,289.9,17.5,D,2
30.4958,47.3078,306.8,1,1,2010-01-01,0739,Terra,MODIS,64,6.2,288.4,6.9,D,2
29.9388,50.8408,310.6,1.3,1.1,2010-01-01,0739,Terra,MODIS,70,6.2,289.3,13.7,D,2
30.5629,47.0983,310.5,1,1,2010-01-01,0739,Terra,MODIS,70,6.2,288.4,9.7,D,2
30.5548,47.3468,318.9,1,1,2010-01-01,0739,Terra,MODIS,79,6.2,287.6,16,D,2
30.5563,47.3365,309.4,1,1,2010-01-01,0739,Terra,MODIS,69,6.2,288.4,8.4,D,2
30.5578,47.3262,309.3,1,1,2010-01-01,0739,Terra,MODIS,56,6.2,288.8,7.5,D,2
30.6113,47.3364,306,1,1,2010-01-01,0739,Terra,MODIS,63,6.2,289,6.8,D,2
30.6128,47.3261,319,1,1,2010-01-01,0739,Terra,MODIS,79,6.2,290.4,16.9,D,2
30.6854,47.3355,315.4,1,1,2010-01-01,0739,Terra,MODIS,76,6.2,290.1,13.5,D,2
30.6869,47.3252,313.2,1,1,2010-01-01,0739,Terra,MODIS,73,6.2,290.2,11.7,D,2
30.7593,47.3349,301.2,1,1,2010-01-01,0739,Terra,MODIS,45,6.2,285.2,3.6,D,2
30.7608,47.3246,307.4,1,1,2010-01-01,0739,Terra,MODIS,65,6.2,285.6,7.3,D,2
30.2277,50.8977,302.8,1.3,1.1,2010-01-01,0739,Terra,MODIS,33,6.2,288.1,6.4,D,0
30.2573,50.7853,304.9,1.2,1.1,2010-01-01,0739,Terra,MODIS,60,6.2,287,8.6,D,2
30.8245,47.3322,309.1,1,1,2010-01-01,0739,Terra,MODIS,68,6.2,286.3,8.1,D,2
30.2978,50.7356,301.7,1.2,1.1,2010-01-01,0739,Terra,MODIS,49,6.2,286,6,D,2
30.8795,47.3322,321.4,1,1,2010-01-01,0739,Terra,MODIS,81,6.2,287.8,18.4,D,2
29.3321,49.4981,313.8,1.1,1.1,2010-01-01,0739,Terra,MODIS,59,6.2,290.4,13.7,D,3
31.0452,49.4462,326,1.1,1,2010-01-01,0739,Terra,MODIS,84,6.2,288.6,26.2,D,0
31.1383,49.3248,303.5,1.1,1,2010-01-01,0739,Terra,MODIS,56,6.2,287.3,5.1,D,2
30.5614,47.1087,313.8,1,1,2010-01-01,0739,Terra,MODIS,74,6.2,288.3,12.3,D,2
32.5011,47.2075,300.4,1,1,2010-01-01,0739,Terra,MODIS,33,6.2,284.7,4,D,2
30.483,50.4902,301.2,1.2,1.1,2010-01-01,0739,Terra,MODIS,45,6.2,287.7,4.9,D,2
31.0448,49.3893,300.5,1.1,1,2010-01-01,0739,Terra,MODIS,37,6.2,288,3.9,D,2
29.031,48.1439,305.8,1,1,2010-01-01,0739,Terra,MODIS,0,6.2,291.8,4.5,D,0
29.1606,48.0223,332.5,1,1,2010-01-01,0739,Terra,MODIS,88,6.2,291,30.7,D,0
29.2946,49.5487,320.1,1.1,1.1,2010-01-01,0739,Terra,MODIS,72,6.2,289,19.9,D,3
28.8818,47.7317,344.3,1,1,2010-01-01,0739,Terra,MODIS,93,6.2,291.1,50.4,D,0
28.8803,47.7419,328.3,1,1,2010-01-01,0739,Terra,MODIS,85,6.2,289,25.8,D,0
25.6353,49.3923,309.9,1.2,1.1,2010-01-01,0740,Terra,MODIS,60,6.2,289.5,10.6,D,2
28.492,49.7152,344.5,1.2,1.1,2010-01-01,0740,Terra,MODIS,92,6.2,293.1,63.3,D,3
26.7863,50.006,308.1,1.3,1.1,2010-01-01,0740,Terra,MODIS,38,6.2,294.1,6.8,D,0
27.0142,49.5729,310.7,1.2,1.1,2010-01-01,0740,Terra,MODIS,63,6.2,295,8.2,D,2
26.7874,49.9997,312.9,1.3,1.1,2010-01-01,0740,Terra,MODIS,63,6.2,294.2,11.5,D,0
27.0122,49.5847,311,1.2,1.1,2010-01-01,0740,Terra,MODIS,63,6.2,295.6,8.4,D,2
23.9809,38.2284,320.5,2.5,1.5,2010-01-01,0741,Terra,MODIS,0,6.2,300.7,43,D,0
42.9862,71.2085,308.7,2.6,1.6,2010-01-01,0741,Aqua,MODIS,68,6.2,288.1,35.1,D,0
42.998,71.2335,303.3,2.6,1.6,2010-01-01,0741,Aqua,MODIS,56,6.2,287.4,23.8,D,0
42.9905,71.2027,309.9,2.6,1.6,2010-01-01,0741,Aqua,MODIS,69,6.2,288.2,41.6,D,0
13.1087,37.0847,328.3,2.1,1.4,2010-01-01,0744,Terra,MODIS,76,6.2,304.1,53,D,0
13.2915,37.6821,328.3,1.9,1.3,2010-01-01,0744,Terra,MODIS,77,6.2,305.8,44.1,D,0
13.2959,37.6898,322.8,1.9,1.3,2010-01-01,0744,Terra,MODIS,69,6.2,305.6,30.8,D,0
13.2979,37.6734,318.1,1.9,1.4,2010-01-01,0744,Terra,MODIS,55,6.2,303.2,19.1,D,0
13.0522,36.2654,332.3,2.4,1.5,2010-01-01,0744,Terra,MODIS,81,6.2,310.1,71.1,D,0
13.0549,36.2429,327.7,2.4,1.5,2010-01-01,0744,Terra,MODIS,75,6.2,307.8,50.5,D,0
13.1437,35.4973,326.2,2.8,1.6,2010-01-01,0744,Terra,MODIS,73,6.2,309.5,55.5,D,0
12.9585,42.8154,310.5,1,1,2010-01-01,0744,Terra,MODIS,39,6.2,299.9,7.1,D,3
13.2083,33.0092,330.5,4.4,1.9,2010-01-01,0744,Terra,MODIS,79,6.2,305.5,176.3,D,0
11.7637,35.9278,316.7,2.5,1.5,2010-01-01,0744,Terra,MODIS,35,6.2,303.4,22.5,D,0
13.1779,32.9651,317.5,4.4,1.9,2010-01-01,0744,Terra,MODIS,38,6.2,302,68.9,D,0
11.8067,36.1359,324.3,2.4,1.5,2010-01-01,0744,Terra,MODIS,70,6.2,304.9,43.6,D,0
13.2064,33.0034,329,4.4,1.9,2010-01-01,0744,Terra,MODIS,77,6.2,304.5,160.9,D,0
8.459,33.446,322.5,3.4,1.7,2010-01-01,0745,Terra,MODIS,70,6.2,293.9,81,D,0
8.4628,33.4148,321.7,3.5,1.8,2010-01-01,0745,Terra,MODIS,67,6.2,293.5,74.9,D,0
8.6084,32.5009,319.4,4.1,1.9,2010-01-01,0745,Terra,MODIS,58,6.2,297.9,80.7,D,0
8.6129,32.4638,315.8,4.1,1.9,2010-01-01,0745,Terra,MODIS,35,6.2,296.2,56.3,D,0
8.6121,32.5089,325.3,4.1,1.9,2010-01-01,0745,Terra,MODIS,35,6.2,297.7,117.2,D,0
8.629,32.5109,321.7,4.1,1.9,2010-01-01,0745,Terra,MODIS,39,6.2,297.2,93,D,0
8.6511,32.3225,311.7,4.3,1.9,2010-01-01,0745,Terra,MODIS,52,6.2,296.2,40.8,D,0
8.4193,34.9396,325,2.6,1.6,2010-01-01,0745,Terra,MODIS,79,6.2,302.4,47.4,D,0
8.4222,34.9177,356.5,2.6,1.6,2010-01-01,0745,Terra,MODIS,98,6.2,301,274.9,D,0
8.4364,34.9181,337.9,2.6,1.6,2010-01-01,0745,Terra,MODIS,89,6.2,302.9,118.7,D,0
8.4275,34.924,370.1,2.6,1.6,2010-01-01,0745,Terra,MODIS,100,6.2,303.1,436.1,D,0
8.4303,34.9016,325.6,2.7,1.6,2010-01-01,0745,Terra,MODIS,79,6.2,300.8,57.3,D,0
8.5224,35.2249,312.9,2.5,1.5,2010-01-01,0745,Terra,MODIS,45,6.2,297,22.1,D,0
8.8247,32.9458,316,3.8,1.8,2010-01-01,0745,Terra,MODIS,65,6.2,295.8,50,D,0
8.9798,31.6705,333.2,4.8,2,2010-01-01,0745,Terra,MODIS,85,6.2,301.1,240.4,D,0
9.0158,31.6745,317,4.8,2,2010-01-01,0745,Terra,MODIS,42,6.2,301.1,76.9,D,0
8.8317,32.9524,314.6,3.8,1.8,2010-01-01,0745,Terra,MODIS,56,6.2,295.7,38,D,0
8.9784,31.6758,343.5,4.8,2,2010-01-01,0745,Terra,MODIS,92,6.2,301,395.5,D,0
9.1102,33.1025,313.4,3.8,1.8,2010-01-01,0745,Terra,MODIS,58,6.2,297.8,31,D,0
8.9345,34.3763,315.1,3,1.6,2010-01-01,0745,Terra,MODIS,40,6.2,299.5,26.3,D,0
9.1695,34.3076,311.7,3,1.7,2010-01-01,0745,Terra,MODIS,26,6.2,298,18.5,D,0
9.4231,34.0956,319.9,3.2,1.7,2010-01-01,0745,Terra,MODIS,65,6.2,303,38.4,D,0
9.5743,34.2178,322,3.1,1.7,2010-01-01,0745,Terra,MODIS,75,6.2,298.8,67.1,D,0
9.6162,34.2481,314.4,3.1,1.7,2010-01-01,0745,Terra,MODIS,50,6.2,298.9,30,D,0
9.615,34.2541,314.6,3.1,1.7,2010-01-01,0745,Terra,MODIS,54,6.2,299,30.3,D,0
9.63,34.2554,314,3.1,1.7,2010-01-01,0745,Terra,MODIS,46,6.2,300.3,25.8,D,0
9.878,33.2184,315.2,3.8,1.8,2010-01-01,0745,Terra,MODIS,43,6.2,298.6,36.3,D,0
9.8901,33.2544,314.5,3.8,1.8,2010-01-01,0745,Terra,MODIS,51,6.2,298.6,33.2,D,0
8.4871,32.3287,321.3,4.2,1.9,2010-01-01,0745,Terra,MODIS,45,6.2,297.9,87.8,D,0
8.6252,32.5029,333.6,4.1,1.9,2010-01-01,0745,Terra,MODIS,86,6.2,297.8,205.4,D,0
8.536,35.2268,318.9,2.5,1.5,2010-01-01,0745,Terra,MODIS,71,6.2,297.6,41.1,D,0
9.2897,34.9207,310.8,2.7,1.6,2010-01-01,0745,Terra,MODIS,43,6.2,296.2,26.8,D,0
8.5041,32.3308,343.2,4.2,1.9,2010-01-01,0745,Terra,MODIS,92,6.2,298.6,327.8,D,0
8.5416,32.3407,316.6,4.2,1.9,2010-01-01,0745,Terra,MODIS,39,6.2,297.3,61.9,D,0
8.5087,32.2926,324.3,4.3,1.9,2010-01-01,0745,Terra,MODIS,59,6.2,296.7,111.8,D,0
8.4643,33.4406,326.3,3.4,1.7,2010-01-01,0745,Terra,MODIS,48,6.2,294.7,100.3,D,0
9.7724,34.448,315.9,3,1.7,2010-01-01,0745,Terra,MODIS,32,6.2,300,38.1,D,0
9.8813,33.2591,313.9,3.8,1.8,2010-01-01,0745,Terra,MODIS,46,6.2,298.1,30.9,D,0
9.8852,33.225,328.7,3.8,1.8,2010-01-01,0745,Terra,MODIS,81,6.2,298.9,132.7,D,0
9.8758,34.4735,314.4,3,1.7,2010-01-01,0745,Terra,MODIS,34,6.2,301.9,24.8,D,0
10.1856,32.4473,322.7,4.4,1.9,2010-01-01,0745,Terra,MODIS,74,6.2,301.8,102.1,D,0
10.1904,32.4075,314.2,4.4,1.9,2010-01-01,0745,Terra,MODIS,57,6.2,301,38.7,D,0
10.1876,32.4533,321.2,4.4,1.9,2010-01-01,0745,Terra,MODIS,72,6.2,302.1,89.1,D,0
10.1921,32.4135,317.8,4.4,1.9,2010-01-01,0745,Terra,MODIS,66,6.2,301.1,63.3,D,0
10.0382,34.5029,324.5,3,1.7,2010-01-01,0745,Terra,MODIS,77,6.2,301.1,78.6,D,0
10.0422,34.4718,327.2,3,1.7,2010-01-01,0745,Terra,MODIS,80,6.2,300.1,94,D,0
10.3136,32.427,314.2,4.4,1.9,2010-01-01,0745,Terra,MODIS,53,6.2,301.6,40.5,D,0
9.6581,37.4561,319.2,1.8,1.3,2010-01-01,0745,Terra,MODIS,70,6.2,303.1,26.6,D,0
10.0378,34.5121,316.6,3,1.7,2010-01-01,0745,Terra,MODIS,65,6.2,300.9,39.6,D,0
10.0417,34.4799,334.7,3,1.7,2010-01-01,0745,Terra,MODIS,86,6.2,300.4,142.9,D,0
10.3149,32.4348,314.2,4.4,1.9,2010-01-01,0745,Terra,MODIS,55,6.2,301.5,43.6,D,0
10.0323,35.8543,312.5,2.4,1.5,2010-01-01,0745,Terra,MODIS,42,6.2,300.2,15.7,D,0
10.2188,34.5115,316.2,3,1.7,2010-01-01,0745,Terra,MODIS,63,6.2,299.4,40.9,D,0
10.2184,34.5201,315.4,3,1.7,2010-01-01,0745,Terra,MODIS,59,6.2,299.5,39.1,D,0
10.2418,35.0454,318.4,2.8,1.6,2010-01-01,0745,Terra,MODIS,67,6.2,302.2,38.1,D,0
10.2479,34.9973,314.1,2.8,1.6,2010-01-01,0745,Terra,MODIS,41,6.2,300.7,22.3,D,0
10.2453,35.0524,316.3,2.8,1.6,2010-01-01,0745,Terra,MODIS,58,6.2,302.3,28.6,D,0
10.2484,35.0269,316.2,2.8,1.6,2010-01-01,0745,Terra,MODIS,60,6.2,300.8,28.8,D,0
10.1074,37.2742,316.9,1.8,1.3,2010-01-01,0745,Terra,MODIS,53,6.2,303.2,10.3,D,0
10.1766,37.1687,316.5,1.9,1.3,2010-01-01,0745,Terra,MODIS,47,6.2,303.3,13.4,D,0
10.1784,37.1547,327.7,1.9,1.3,2010-01-01,0745,Terra,MODIS,79,6.2,302.2,43.7,D,0
10.3788,36.6967,318,2.1,1.4,2010-01-01,0745,Terra,MODIS,40,6.2,305.1,18.9,D,0
10.3812,36.6784,318.2,2.1,1.4,2010-01-01,0745,Terra,MODIS,46,6.2,302.6,20.3,D,0
10.3911,36.6999,328.6,2.1,1.4,2010-01-01,0745,Terra,MODIS,77,6.2,305.5,49.2,D,0
10.3935,36.6816,325.5,2.1,1.4,2010-01-01,0745,Terra,MODIS,64,6.2,301.6,40.2,D,0
10.4185,36.4923,316.4,2.1,1.4,2010-01-01,0745,Terra,MODIS,41,6.2,301.3,21,D,0
10.3831,36.6843,326.1,2.1,1.4,2010-01-01,0745,Terra,MODIS,60,6.2,303.6,41,D,0
10.419,36.4977,316.6,2.1,1.4,2010-01-01,0745,Terra,MODIS,35,6.2,301.2,21.8,D,0
10.6011,37.1857,327.9,1.9,1.3,2010-01-01,0745,Terra,MODIS,78,6.2,302.6,43.6,D,0
10.6057,37.1931,328.8,1.9,1.3,2010-01-01,0745,Terra,MODIS,79,6.2,305.4,45.3,D,0
10.646,37.1645,329.2,1.9,1.3,2010-01-01,0745,Terra,MODIS,80,6.2,306.2,44.9,D,0
10.6483,37.1472,317.8,1.9,1.4,2010-01-01,0745,Terra,MODIS,42,6.2,304,13.1,D,0
11.3109,32.2346,318.4,4.7,2,2010-01-01,0745,Terra,MODIS,25,6.2,302.1,66,D,0
10.4603,36.5784,316.8,2.1,1.4,2010-01-01,0745,Terra,MODIS,45,6.2,302,19.5,D,0
11.3151,32.1973,317,4.7,2,2010-01-01,0745,Terra,MODIS,48,6.2,300.5,58.3,D,0
11.3817,32.2479,324.8,4.7,2,2010-01-01,0745,Terra,MODIS,74,6.2,305.2,128.7,D,0
11.3866,32.205,321.2,4.7,2,2010-01-01,0745,Terra,MODIS,68,6.2,302.1,96.2,D,0
11.3103,32.2403,315.5,4.7,2,2010-01-01,0745,Terra,MODIS,20,6.2,302.2,44.4,D,0
11.3852,32.2126,325.3,4.7,2,2010-01-01,0745,Terra,MODIS,75,6.2,302.4,136.1,D,0
11.3805,32.2556,321.6,4.7,2,2010-01-01,0745,Terra,MODIS,69,6.2,305.3,96.3,D,0
10.9841,35.825,320.4,2.5,1.5,2010-01-01,0745,Terra,MODIS,67,6.2,304.6,30.5,D,0
9.8943,33.2203,318.5,3.8,1.8,2010-01-01,0745,Terra,MODIS,68,6.2,299.2,57.3,D,0
10.3954,36.6877,335.2,2.1,1.4,2010-01-01,0745,Terra,MODIS,83,6.2,302.2,77,D,0
5.0163,31.6064,322.6,4.3,1.9,2010-01-01,0746,Terra,MODIS,69,6.2,298.2,79.9,D,0
4.9954,31.9045,320.9,4,1.9,2010-01-01,0746,Terra,MODIS,66,6.2,298.9,47.2,D,0
5.7024,31.4626,320.9,4.5,1.9,2010-01-01,0746,Terra,MODIS,62,6.2,297.4,76,D,0
5.7198,31.4648,318.4,4.5,1.9,2010-01-01,0746,Terra,MODIS,12,6.2,297.8,57.3,D,0
5.7683,32.0549,317.9,4,1.9,2010-01-01,0746,Terra,MODIS,42,6.2,295.3,60.1,D,0
5.8983,31.2001,317.7,4.7,2,2010-01-01,0746,Terra,MODIS,62,6.2,296.9,68.7,D,0
5.7728,32.0629,319.4,4,1.9,2010-01-01,0746,Terra,MODIS,49,6.2,295.6,69.7,D,0
5.8968,32.1512,320.1,4,1.9,2010-01-01,0746,Terra,MODIS,68,6.2,293.6,86.6,D,0
5.9023,32.1578,320,4,1.9,2010-01-01,0746,Terra,MODIS,68,6.2,293.8,88.2,D,0
5.9069,32.1221,318.7,4,1.9,2010-01-01,0746,Terra,MODIS,66,6.2,294,79.6,D,0
5.9872,32.823,320.2,3.5,1.8,2010-01-01,0746,Terra,MODIS,69,6.2,295.4,53.9,D,0
5.9809,32.8281,318.1,3.5,1.8,2010-01-01,0746,Terra,MODIS,59,6.2,295.3,42.8,D,0
5.9845,32.9242,319.7,3.5,1.8,2010-01-01,0746,Terra,MODIS,35,6.2,292.3,52.1,D,0
5.9967,32.8301,318.6,3.5,1.8,2010-01-01,0746,Terra,MODIS,55,6.2,295.6,43.2,D,0
6.1417,32.9886,319.4,3.4,1.7,2010-01-01,0746,Terra,MODIS,51,6.2,296.5,42.5,D,0
6.2061,32.7395,315.4,3.6,1.8,2010-01-01,0746,Terra,MODIS,57,6.2,294.6,42.6,D,0
6.2221,32.7415,314.1,3.6,1.8,2010-01-01,0746,Terra,MODIS,46,6.2,295.1,34.4,D,0
6.1881,33.1186,320.8,3.4,1.7,2010-01-01,0746,Terra,MODIS,63,6.2,295.9,56.1,D,0
6.1833,33.1253,318.8,3.4,1.7,2010-01-01,0746,Terra,MODIS,23,6.2,295.7,42.4,D,0
6.4438,31.9998,315.1,4.2,1.9,2010-01-01,0746,Terra,MODIS,37,6.2,296,40.3,D,0
6.4558,32.0391,314.4,4.1,1.9,2010-01-01,0746,Terra,MODIS,26,6.2,294.9,35.8,D,0
6.4607,32.0019,325.2,4.2,1.9,2010-01-01,0746,Terra,MODIS,77,6.2,296.3,119.7,D,0
6.4477,32.006,317,4.2,1.9,2010-01-01,0746,Terra,MODIS,62,6.2,295.9,55.6,D,0
6.4647,32.0081,327.3,4.2,1.9,2010-01-01,0746,Terra,MODIS,80,6.2,295.8,137.9,D,0
6.5588,33.9711,328.6,2.9,1.6,2010-01-01,0746,Terra,MODIS,81,6.2,295.6,86.7,D,0
6.5601,33.9771,325.9,2.9,1.6,2010-01-01,0746,Terra,MODIS,78,6.2,296.2,71.1,D,0
6.5634,33.9508,318.7,2.9,1.6,2010-01-01,0746,Terra,MODIS,55,6.2,293.8,39.5,D,0
7.3986,33.1362,319.2,3.5,1.8,2010-01-01,0746,Terra,MODIS,61,6.2,296.2,49.7,D,0
7.4028,33.1046,319.1,3.5,1.8,2010-01-01,0746,Terra,MODIS,59,6.2,296.3,49.3,D,0
7.3965,33.1098,323.2,3.5,1.8,2010-01-01,0746,Terra,MODIS,76,6.2,296.4,73.2,D,0
7.4241,33.1454,321.5,3.5,1.8,2010-01-01,0746,Terra,MODIS,26,6.2,296.9,52.8,D,0
7.4158,33.5753,320.1,3.2,1.7,2010-01-01,0746,Terra,MODIS,65,6.2,295,49.7,D,0
7.4311,33.5772,318.2,3.2,1.7,2010-01-01,0746,Terra,MODIS,31,6.2,294.4,38.5,D,0
7.4126,33.5822,317.7,3.2,1.7,2010-01-01,0746,Terra,MODIS,38,6.2,295.1,37.1,D,0
7.4853,33.7373,320.8,3.2,1.7,2010-01-01,0746,Terra,MODIS,59,6.2,295,55.7,D,0
7.489,33.7089,331.2,3.2,1.7,2010-01-01,0746,Terra,MODIS,81,6.2,294.3,121,D,0
7.7213,32.0546,315.4,4.3,1.9,2010-01-01,0746,Terra,MODIS,46,6.2,297.3,34.7,D,0
7.7264,32.0157,317,4.3,1.9,2010-01-01,0746,Terra,MODIS,57,6.2,299.5,43.5,D,0
7.487,33.7144,337.7,3.2,1.7,2010-01-01,0746,Terra,MODIS,89,6.2,294.9,170.4,D,0
7.7286,32.022,318.3,4.3,1.9,2010-01-01,0746,Terra,MODIS,66,6.2,299.3,54.2,D,0
8.1025,33.3069,317.4,3.5,1.8,2010-01-01,0746,Terra,MODIS,71,6.2,297,40.6,D,0
8.2313,32.3105,318,4.2,1.9,2010-01-01,0746,Terra,MODIS,62,6.2,297.7,58.3,D,0
8.2102,32.6061,314.8,4,1.9,2010-01-01,0746,Terra,MODIS,48,6.2,298,35.4,D,0
8.2483,32.3125,325.9,4.2,1.9,2010-01-01,0746,Terra,MODIS,75,6.2,298.1,115.1,D,0
8.2349,32.3165,325.4,4.2,1.9,2010-01-01,0746,Terra,MODIS,80,6.2,298.1,114.7,D,0
8.2157,32.6125,326.7,4,1.9,2010-01-01,0746,Terra,MODIS,81,6.2,298.3,123.9,D,0
8.2519,32.3185,323.4,4.2,1.9,2010-01-01,0746,Terra,MODIS,78,6.2,298.1,98.3,D,0
8.0139,34.4493,329.3,2.8,1.6,2010-01-01,0746,Terra,MODIS,83,6.2,300.9,74.2,D,0
8.2859,32.3225,352.3,4.2,1.9,2010-01-01,0746,Terra,MODIS,96,6.2,299.1,456.3,D,0
8.2906,32.2846,334.8,4.2,1.9,2010-01-01,0746,Terra,MODIS,87,6.2,297.6,202.3,D,0
8.3199,32.3264,328.3,4.2,1.9,2010-01-01,0746,Terra,MODIS,82,6.2,298.5,135.5,D,0
8.203,33.3569,322.9,3.5,1.8,2010-01-01,0746,Terra,MODIS,72,6.2,295.6,73.5,D,0
8.0161,34.4566,327.5,2.8,1.6,2010-01-01,0746,Terra,MODIS,82,6.2,301.6,61.6,D,0
8.0192,34.4311,324.8,2.8,1.6,2010-01-01,0746,Terra,MODIS,79,6.2,300.3,47.7,D,0
8.2719,32.3284,332.4,4.2,1.9,2010-01-01,0746,Terra,MODIS,85,6.2,297.8,175.2,D,0
8.2889,32.3305,339.8,4.2,1.9,2010-01-01,0746,Terra,MODIS,90,6.2,298.6,262.1,D,0
8.2934,32.2926,340.7,4.2,1.9,2010-01-01,0746,Terra,MODIS,90,6.2,297.9,275,D,0
8.3229,32.3345,326.6,4.2,1.9,2010-01-01,0746,Terra,MODIS,78,6.2,298.1,117.1,D,0
8.2126,33.3654,322.4,3.5,1.8,2010-01-01,0746,Terra,MODIS,76,6.2,295.8,74.5,D,0
8.3569,32.3385,322.1,4.2,1.9,2010-01-01,0746,Terra,MODIS,61,6.2,298.4,84.4,D,0
8.3739,32.3405,318.8,4.2,1.9,2010-01-01,0746,Terra,MODIS,50,6.2,297.9,61.6,D,0
8.3605,32.3447,322.2,4.2,1.9,2010-01-01,0746,Terra,MODIS,67,6.2,298,86.3,D,0
8.121,34.579,317.5,2.8,1.6,2010-01-01,0746,Terra,MODIS,71,6.2,298.5,23.2,D,0
8.2166,34.0565,324.2,3.1,1.7,2010-01-01,0746,Terra,MODIS,62,6.2,301.5,62.6,D,0
8.3539,32.9598,329.2,3.8,1.8,2010-01-01,0746,Terra,MODIS,83,6.2,295.1,132.8,D,0
8.333,33.2575,310.9,3.6,1.8,2010-01-01,0746,Terra,MODIS,28,6.2,291.8,28.9,D,0
8.3701,32.9617,332.3,3.8,1.8,2010-01-01,0746,Terra,MODIS,85,6.2,295.8,163.6,D,0
8.418,32.5768,314.8,4,1.9,2010-01-01,0746,Terra,MODIS,46,6.2,297.2,38.8,D,0
8.4225,32.5404,314.6,4.1,1.9,2010-01-01,0746,Terra,MODIS,42,6.2,297.7,36,D,0
8.3821,32.9974,314.1,3.7,1.8,2010-01-01,0746,Terra,MODIS,26,6.2,292.7,39.2,D,0
8.3864,32.9637,319.8,3.8,1.8,2010-01-01,0746,Terra,MODIS,68,6.2,294.7,71.8,D,0
8.5336,31.9267,314,4.5,2,2010-01-01,0746,Terra,MODIS,61,6.2,298.4,47.5,D,0
8.5013,32.3228,349.9,4.2,1.9,2010-01-01,0746,Terra,MODIS,95,6.2,298.9,438.7,D,0
8.4842,32.3208,313.8,4.2,1.9,2010-01-01,0746,Terra,MODIS,50,6.2,297.5,44.6,D,0
8.3772,32.9699,322.8,3.8,1.8,2010-01-01,0746,Terra,MODIS,66,6.2,295.2,87.9,D,0
8.5184,32.3247,326.7,4.2,1.9,2010-01-01,0746,Terra,MODIS,72,6.2,297.9,135.8,D,0
8.4268,32.5484,317.6,4.1,1.9,2010-01-01,0746,Terra,MODIS,45,6.2,297.5,52.9,D,0
7.3457,32.3319,323.9,4.1,1.9,2010-01-01,0746,Terra,MODIS,77,6.2,296.3,92.3,D,0
7.3431,33.1931,316.9,3.5,1.8,2010-01-01,0746,Terra,MODIS,66,6.2,296.7,37.3,D,0
8.2764,32.2905,320.6,4.2,1.9,2010-01-01,0746,Terra,MODIS,35,6.2,296.5,66.6,D,0
4.9904,31.8982,321.9,4,1.9,2010-01-01,0746,Terra,MODIS,67,6.2,298.8,53.7,D,0
6.5277,34.5558,315.7,2.6,1.6,2010-01-01,0746,Terra,MODIS,58,6.2,294.3,24.3,D,0
5.0304,31.6025,320.6,4.3,1.9,2010-01-01,0746,Terra,MODIS,63,6.2,298.3,67.9,D,0
6.5245,34.5797,314,2.6,1.6,2010-01-01,0746,Terra,MODIS,36,6.2,292.2,19,D,0
4.0357,32.0001,326,3.8,1.8,2010-01-01,0747,Terra,MODIS,77,6.2,295.6,100.1,D,0
4.0684,32.0039,320.7,3.8,1.8,2010-01-01,0747,Terra,MODIS,70,6.2,296.2,65.6,D,0
4.0731,31.9704,317.7,3.8,1.8,2010-01-01,0747,Terra,MODIS,64,6.2,295,50.9,D,0
4.0755,32.0103,318.1,3.8,1.8,2010-01-01,0747,Terra,MODIS,65,6.2,296.1,46,D,0
